CREATE DATABASE  IF NOT EXISTS `water2water` /*!40100 DEFAULT CHARACTER SET utf8mb4 COLLATE utf8mb4_0900_ai_ci */ /*!80016 DEFAULT ENCRYPTION='N' */;
USE `water2water`;
-- MySQL dump 10.13  Distrib 8.0.36, for Win64 (x86_64)
--
-- Host: 127.0.0.1    Database: water2water
-- ------------------------------------------------------
-- Server version	8.0.36

/*!40101 SET @OLD_CHARACTER_SET_CLIENT=@@CHARACTER_SET_CLIENT */;
/*!40101 SET @OLD_CHARACTER_SET_RESULTS=@@CHARACTER_SET_RESULTS */;
/*!40101 SET @OLD_COLLATION_CONNECTION=@@COLLATION_CONNECTION */;
/*!50503 SET NAMES utf8 */;
/*!40103 SET @OLD_TIME_ZONE=@@TIME_ZONE */;
/*!40103 SET TIME_ZONE='+00:00' */;
/*!40014 SET @OLD_UNIQUE_CHECKS=@@UNIQUE_CHECKS, UNIQUE_CHECKS=0 */;
/*!40014 SET @OLD_FOREIGN_KEY_CHECKS=@@FOREIGN_KEY_CHECKS, FOREIGN_KEY_CHECKS=0 */;
/*!40101 SET @OLD_SQL_MODE=@@SQL_MODE, SQL_MODE='NO_AUTO_VALUE_ON_ZERO' */;
/*!40111 SET @OLD_SQL_NOTES=@@SQL_NOTES, SQL_NOTES=0 */;

--
-- Table structure for table `air_data`
--

DROP TABLE IF EXISTS `air_data`;
/*!40101 SET @saved_cs_client     = @@character_set_client */;
/*!50503 SET character_set_client = utf8mb4 */;
CREATE TABLE `air_data` (
  `idx` int NOT NULL AUTO_INCREMENT,
  `datetime` datetime NOT NULL DEFAULT CURRENT_TIMESTAMP,
  `station_name` varchar(45) NOT NULL,
  `pm25` varchar(45) NOT NULL,
  `pm10` varchar(45) NOT NULL,
  `so2` varchar(45) NOT NULL,
  `o3` varchar(45) NOT NULL,
  `no2` varchar(45) NOT NULL,
  `co` varchar(45) NOT NULL,
  `ta` varchar(45) NOT NULL,
  `hm` varchar(45) NOT NULL,
  `ws` varchar(45) NOT NULL,
  `wd` varchar(45) NOT NULL,
  `ap` varchar(45) NOT NULL,
  `rn` varchar(45) NOT NULL,
  PRIMARY KEY (`idx`)
) ENGINE=InnoDB AUTO_INCREMENT=1082 DEFAULT CHARSET=utf8mb4 COLLATE=utf8mb4_0900_ai_ci;
/*!40101 SET character_set_client = @saved_cs_client */;

--
-- Dumping data for table `air_data`
--

LOCK TABLES `air_data` WRITE;
/*!40000 ALTER TABLE `air_data` DISABLE KEYS */;
INSERT INTO `air_data` VALUES (1,'2024-07-01 01:00:32','삼진로','3','14','0.002','0.019','0.004','0.1','23.2','95.4','0.1','133.5','1001.4','0.0'),(2,'2024-07-01 02:00:32','삼진로','5','15','0.002','0.022','0.004','0.1','23.0','96.1','0.4','137.3','1001.6','0.0'),(3,'2024-07-01 03:00:32','삼진로','5','13','0.002','0.020','0.004','0.1','23.0','96.7','0.2','122.3','1001.6','0.0'),(4,'2024-07-01 04:00:32','삼진로','6','12','0.002','0.019','0.004','0.1','22.8','96.6','0.1','356.1','1001.7','0.0'),(5,'2024-07-01 05:00:32','삼진로','6','14','0.002','0.018','0.004','0.1','22.5','97.0','0.0','257.2','1001.7','0.0'),(6,'2024-07-01 06:00:32','삼진로','8','17','0.002','0.015','0.006','0.1','22.6','96.5','0.2','96.0','1002.1','0.0'),(7,'2024-07-01 07:00:32','삼진로','10','20','0.002','0.017','0.006','0.1','23.5','93.6','0.2','153.8','1002.4','0.0'),(8,'2024-07-01 08:00:32','삼진로','12','22','0.002','0.020','0.006','0.2','24.2','89.6','1.3','171.9','1002.8','0.0'),(9,'2024-07-01 09:00:32','삼진로','13','23','0.002','0.024','0.006','0.2','25.6','83.5','0.5','185.8','1002.7','0.0'),(10,'2024-07-01 10:00:32','삼진로','13','23','0.003','0.032','0.007','0.3','26.9','80.8','0.3','118.8','1002.8','0.0'),(11,'2024-07-01 11:00:32','삼진로','14','23','0.002','0.042','0.007','0.3','26.6','78.0','1.2','185.4','1003.2','0.0'),(12,'2024-07-01 12:00:32','삼진로','13','23','0.002','0.053','0.009','0.2','28.4','74.0','1.4','184.1','1002.6','0.0'),(13,'2024-07-01 13:00:32','삼진로','11','21','0.002','0.062','0.008','0.2','28.5','72.6','1.9','182.7','1002.3','0.0'),(14,'2024-07-01 14:00:32','삼진로','12','24','0.002','0.069','0.007','0.3','29.2','70.1','1.8','175.4','1002.3','0.0'),(15,'2024-07-01 15:00:32','삼진로','-','-','-','-','-','-','28.8','69.8','2.4','155.7','1001.9','0.0'),(16,'2024-07-01 16:00:32','삼진로','-','-','-','-','-','-','29.2','74.0','1.6','204.3','1001.9','0.0'),(17,'2024-07-01 17:00:32','삼진로','14','20','0.003','0.058','0.009','0.2','27.8','76.0','1.9','204.4','1002.1','0.0'),(18,'2024-07-01 18:00:32','삼진로','11','15','0.002','0.051','0.008','0.2','27.3','77.9','1.3','206.3','1002.4','0.0'),(19,'2024-07-01 19:00:32','삼진로','10','11','0.002','0.043','0.007','0.2','26.4','81.0','0.6','198.1','1003.4','0.0'),(20,'2024-07-01 20:00:32','삼진로','9','10','0.002','0.038','0.008','0.2','24.8','85.5','1.1','144.9','1004.0','0.0'),(21,'2024-07-01 21:00:32','삼진로','11','15','0.002','0.033','0.008','0.2','23.8','88.8','0.4','170.9','1004.7','0.0'),(22,'2024-07-01 22:00:32','삼진로','11','16','0.002','0.035','0.007','0.2','23.5','90.8','0.2','151.8','1005.2','0.0'),(23,'2024-07-01 23:00:32','삼진로','9','14','0.002','0.034','0.006','0.2','23.7','91.2','0.2','177.5','1005.8','0.0'),(24,'2024-07-01 01:00:49','경화동','2','3','0.002','0.021','0.005','0.2','23.2','95.0','0.4','139.9','1001.0','0.0'),(25,'2024-07-01 02:00:49','경화동','5','12','0.002','0.021','0.006','0.1','23.0','95.9','1.0','139.4','1001.0','0.0'),(26,'2024-07-01 03:00:49','경화동','6','11','0.002','0.019','0.006','0.1','23.0','96.2','0.5','121.8','1001.1','0.0'),(27,'2024-07-01 04:00:49','경화동','5','14','0.002','0.021','0.004','0.1','22.6','96.4','0.6','126.8','1001.3','0.0'),(28,'2024-07-01 05:00:49','경화동','5','11','0.002','0.020','0.005','0.2','22.5','96.9','0.7','91.9','1001.2','0.0'),(29,'2024-07-01 06:00:49','경화동','6','17','0.002','0.013','0.009','0.2','22.5','97.0','0.0','92.5','1001.6','0.0'),(30,'2024-07-01 07:00:49','경화동','6','14','0.002','0.013','0.009','0.2','23.7','94.6','0.5','71.9','1002.0','0.0'),(31,'2024-07-01 08:00:49','경화동','6','8','0.002','0.017','0.008','0.3','24.5','89.4','0.8','90.8','1002.4','0.0'),(32,'2024-07-01 09:00:49','경화동','6','15','0.002','0.019','0.008','0.3','26.2','82.5','0.1','150.0','1002.3','0.0'),(33,'2024-07-01 10:00:49','경화동','7','11','0.002','0.029','0.006','0.3','26.9','78.4','1.1','88.7','1002.4','0.0'),(34,'2024-07-01 11:00:49','경화동','8','11','0.002','0.032','0.007','0.3','27.2','75.9','0.7','50.8','1002.6','0.0'),(35,'2024-07-01 12:00:49','경화동','10','17','0.003','0.040','0.010','0.3','28.6','73.9','0.9','67.4','1002.2','0.0'),(36,'2024-07-01 13:00:49','경화동','10','21','0.003','0.056','0.007','0.3','29.1','70.4','1.3','108.9','1001.9','0.0'),(37,'2024-07-01 14:00:49','경화동','11','18','0.003','0.056','0.010','0.3','29.8','66.9','1.4','98.2','1001.9','0.0'),(38,'2024-07-01 15:00:49','경화동','12','13','0.002','0.057','0.007','0.3','29.5','67.3','1.1','128.3','1001.4','0.0'),(39,'2024-07-01 16:00:49','경화동','11','17','0.003','0.071','0.009','0.3','29.2','69.7','0.7','175.9','1001.4','0.0'),(40,'2024-07-01 17:00:49','경화동','12','20','0.003','0.063','0.008','0.3','28.2','72.7','1.3','150.4','1001.6','0.0'),(41,'2024-07-01 18:00:49','경화동','13','15','0.002','0.047','0.007','0.3','27.0','76.2','1.2','146.2','1002.0','0.0'),(42,'2024-07-01 19:00:49','경화동','10','10','0.002','0.043','0.005','0.3','26.2','78.0','1.1','139.3','1003.0','0.0'),(43,'2024-07-01 20:00:49','경화동','10','11','0.002','0.039','0.005','0.3','25.0','83.1','1.1','146.1','1003.6','0.0'),(44,'2024-07-01 21:00:49','경화동','8','11','0.002','0.038','0.006','0.3','24.2','86.5','0.9','148.3','1004.4','0.0'),(45,'2024-07-01 22:00:49','경화동','10','12','0.002','0.040','0.004','0.3','23.8','89.0','0.8','122.0','1004.9','0.0'),(46,'2024-07-01 23:00:49','경화동','-','8','0.002','0.038','0.004','0.3','23.8','90.0','0.7','182.8','1005.5','0.0'),(47,'2024-07-01 01:00:04','월영동','5','14','0.003','0.023','0.018','0.2','23.4','95.3','0.5','191.3','1000.5','0.0'),(48,'2024-07-01 02:00:04','월영동','6','50','0.003','0.022','0.018','0.2','23.2','96.3','0.9','154.1','1000.7','0.0'),(49,'2024-07-01 03:00:04','월영동','5','14','0.003','0.019','0.021','0.2','23.2','96.9','0.4','44.7','1000.7','0.0'),(50,'2024-07-01 04:00:04','월영동','7','16','0.003','0.020','0.019','0.2','23.0','96.7','0.0','260.7','1000.8','0.0'),(51,'2024-07-01 05:00:04','월영동','7','12','0.003','0.019','0.019','0.2','22.7','97.3','0.1','184.0','1000.7','0.0'),(52,'2024-07-01 06:00:04','월영동','8','14','0.003','0.016','0.023','0.2','22.8','96.8','0.1','78.1','1001.2','0.0'),(53,'2024-07-01 07:00:04','월영동','9','16','0.003','0.014','0.026','0.2','24.1','93.2','0.3','90.5','1001.6','0.0'),(54,'2024-07-01 08:00:04','월영동','7','14','0.003','0.012','0.029','0.2','24.8','88.8','1.0','86.9','1001.9','0.0'),(55,'2024-07-01 09:00:04','월영동','12','18','0.003','0.019','0.026','0.3','26.3','82.5','0.3','69.8','1001.8','0.0'),(56,'2024-07-01 10:00:04','월영동','15','17','0.003','0.024','0.024','0.4','27.1','79.1','0.7','53.8','1001.9','0.0'),(57,'2024-07-01 11:00:04','월영동','14','19','0.003','0.039','0.024','0.3','27.4','74.7','0.0','87.3','1002.2','0.0'),(58,'2024-07-01 12:00:04','월영동','16','22','0.003','0.047','0.022','0.3','29.0','72.3','0.7','150.4','1001.7','0.0'),(59,'2024-07-01 13:00:04','월영동','-','-','-','-','-','-','29.3','70.3','1.7','127.3','1001.4','0.0'),(60,'2024-07-01 14:00:04','월영동','-','-','-','-','-','-','29.9','66.9','1.8','117.7','1001.3','0.0'),(61,'2024-07-01 15:00:04','월영동','16','18','0.003','0.063','0.020','0.4','29.7','66.7','1.9','156.0','1000.9','0.0'),(62,'2024-07-01 16:00:04','월영동','19','20','0.003','0.067','0.020','0.4','29.7','70.4','1.7','180.1','1000.9','0.0'),(63,'2024-07-01 17:00:04','월영동','15','16','0.003','0.064','0.020','0.4','28.8','72.4','1.6','193.8','1001.1','0.0'),(64,'2024-07-01 18:00:04','월영동','17','18','0.003','0.056','0.020','0.3','27.9','74.8','1.3','166.1','1001.5','0.0'),(65,'2024-07-01 19:00:04','월영동','13','15','0.003','0.048','0.020','0.4','26.7','78.5','1.0','119.8','1002.5','0.0'),(66,'2024-07-01 20:00:04','월영동','13','15','0.003','0.042','0.021','0.3','25.3','83.1','1.2','150.9','1003.1','0.0'),(67,'2024-07-01 21:00:04','월영동','15','16','0.003','0.042','0.020','0.3','24.3','86.6','1.1','190.7','1003.9','0.0'),(68,'2024-07-01 22:00:04','월영동','12','14','0.003','0.038','0.020','0.3','23.8','89.1','0.6','123.2','1004.4','0.0'),(69,'2024-07-01 23:00:04','월영동','12','15','0.003','0.037','0.018','0.2','23.9','90.1','0.6','192.3','1005.0','0.0'),(70,'2024-07-01 01:00:19','하동읍','2','7','0.003','0.019','0.005','0.2','23.9','96.7','0.3','165.5','1001.7','0.0'),(71,'2024-07-01 02:00:19','하동읍','2','11','0.003','0.022','0.004','0.2','23.6','97.4','0.5','172.8','1001.7','0.0'),(72,'2024-07-01 03:00:19','하동읍','3','12','0.003','0.020','0.004','0.2','23.4','96.9','0.2','215.5','1001.7','0.0'),(73,'2024-07-01 04:00:19','하동읍','3','12','0.003','0.022','0.004','0.2','23.5','97.3','0.2','260.9','1002.0','0.0'),(74,'2024-07-01 05:00:19','하동읍','6','14','0.003','0.022','0.004','0.2','23.2','97.4','0.0','221.4','1001.7','0.2'),(75,'2024-07-01 06:00:19','하동읍','4','12','0.003','0.018','0.005','0.2','23.0','98.0','0.1','258.8','1002.3','0.0'),(76,'2024-07-01 07:00:19','하동읍','4','15','0.003','0.014','0.005','0.2','24.3','95.7','0.2','74.6','1002.5','0.0'),(77,'2024-07-01 08:00:19','하동읍','6','14','0.003','0.021','0.005','0.2','25.0','88.6','0.6','176.8','1002.8','0.0'),(78,'2024-07-01 09:00:19','하동읍','9','11','0.003','0.026','0.006','0.2','26.5','80.9','0.2','197.1','1003.0','0.0'),(79,'2024-07-01 10:00:19','하동읍','5','9','0.003','0.032','0.005','0.2','27.5','72.5','0.3','159.1','1003.0','0.0'),(80,'2024-07-01 11:00:19','하동읍','6','13','0.003','0.033','0.007','0.2','28.5','68.4','1.7','191.3','1003.4','0.0'),(81,'2024-07-01 12:00:19','하동읍','9','13','0.003','0.039','0.009','0.3','29.5','62.9','1.5','191.6','1003.0','0.0'),(82,'2024-07-01 13:00:19','하동읍','10','14','0.003','0.048','0.008','0.3','30.6','57.8','1.6','202.2','1002.4','0.0'),(83,'2024-07-01 14:00:19','하동읍','7','17','0.004','0.053','0.009','0.3','30.3','57.6','1.6','198.7','1002.2','0.0'),(84,'2024-07-01 15:00:19','하동읍','8','17','0.004','0.051','0.011','0.4','30.5','58.9','1.6','163.8','1001.9','0.0'),(85,'2024-07-01 16:00:19','하동읍','9','18','0.005','0.045','0.013','0.5','29.1','64.1','1.6','153.7','1002.1','0.0'),(86,'2024-07-01 17:00:19','하동읍','3','13','0.003','0.034','0.009','0.2','29.3','71.2','1.0','161.6','1002.0','0.0'),(87,'2024-07-01 18:00:19','하동읍','5','12','0.003','0.038','0.010','0.4','28.3','67.1','1.9','171.5','1002.4','0.0'),(88,'2024-07-01 19:00:19','하동읍','10','15','0.005','0.036','0.014','0.5','27.2','71.7','1.0','164.3','1003.2','0.0'),(89,'2024-07-01 20:00:19','하동읍','10','17','0.004','0.037','0.012','0.4','25.3','82.2','1.4','159.1','1003.8','0.0'),(90,'2024-07-01 21:00:19','하동읍','12','18','0.004','0.036','0.011','0.3','24.7','86.0','0.7','157.9','1004.6','0.0'),(91,'2024-07-01 22:00:19','하동읍','10','16','0.003','0.036','0.009','0.3','24.5','87.2','0.3','161.9','1005.2','0.0'),(92,'2024-07-01 23:00:19','하동읍','10','15','0.004','0.030','0.011','0.4','24.5','88.9','0.4','174.6','1005.8','0.0'),(93,'2024-07-01 01:00:38','금성면','4','9','0.004','0.011','0.015','0.2','23.8','93.0','0.8','180.4','1002.7','0.0'),(94,'2024-07-01 02:00:38','금성면','3','9','0.003','0.011','0.013','0.2','23.6','93.5','0.6','185.7','1002.7','0.0'),(95,'2024-07-01 03:00:38','금성면','5','12','0.003','0.011','0.011','0.2','23.3','93.0','1.0','191.6','1002.8','0.0'),(96,'2024-07-01 04:00:38','금성면','6','16','0.003','0.010','0.013','0.3','23.5','93.1','0.7','213.4','1002.9','0.0'),(97,'2024-07-01 05:00:38','금성면','10','17','0.003','0.011','0.011','0.2','23.1','93.5','0.7','201.8','1002.7','0.0'),(98,'2024-07-01 06:00:38','금성면','6','13','0.003','0.010','0.012','0.2','23.1','93.8','0.8','205.6','1003.2','0.0'),(99,'2024-07-01 07:00:38','금성면','3','12','0.003','0.009','0.012','0.2','24.6','91.1','0.6','161.7','1003.5','0.0'),(100,'2024-07-01 08:00:38','금성면','8','11','0.003','0.013','0.019','0.3','25.0','91.3','1.3','166.5','1003.8','0.0'),(101,'2024-07-01 09:00:38','금성면','8','12','0.003','0.013','0.018','0.3','26.2','85.3','0.9','146.7','1004.0','0.0'),(102,'2024-07-01 10:00:38','금성면','7','13','0.003','0.015','0.020','0.3','27.0','79.4','0.4','204.8','1004.0','0.0'),(103,'2024-07-01 11:00:38','금성면','12','17','0.003','0.022','0.018','0.2','28.0','76.0','1.4','134.5','1004.4','0.0'),(104,'2024-07-01 12:00:38','금성면','8','13','0.003','0.036','0.014','0.2','28.9','70.2','1.4','129.9','1003.9','0.0'),(105,'2024-07-01 13:00:38','금성면','10','11','0.003','0.047','0.013','0.2','29.9','65.8','1.1','142.0','1003.5','0.0'),(106,'2024-07-01 14:00:38','금성면','8','12','0.003','0.043','0.014','0.2','29.8','66.3','1.4','145.2','1003.3','0.0'),(107,'2024-07-01 15:00:38','금성면','10','11','0.003','0.039','0.013','0.2','29.7','68.5','1.6','144.7','1003.0','0.0'),(108,'2024-07-01 16:00:38','금성면','8','11','0.003','0.040','0.012','0.2','28.3','73.4','2.0','158.4','1003.2','0.0'),(109,'2024-07-01 17:00:38','금성면','9','9','0.003','0.038','0.013','0.2','28.4','76.0','1.5','150.1','1003.1','0.0'),(110,'2024-07-01 18:00:38','금성면','8','9','0.003','0.039','0.012','0.2','27.8','75.5','1.4','169.1','1003.5','0.0'),(111,'2024-07-01 19:00:38','금성면','-','11','0.003','0.041','0.012','0.2','26.6','79.8','1.2','161.7','1004.3','0.0'),(112,'2024-07-01 20:00:38','금성면','12','12','0.003','0.037','0.016','0.2','24.8','88.0','1.3','157.2','1004.9','0.0'),(113,'2024-07-01 21:00:38','금성면','10','13','0.003','0.038','0.012','0.2','24.3','90.4','0.7','164.7','1005.7','0.0'),(114,'2024-07-01 22:00:38','금성면','10','11','0.003','0.033','0.011','0.2','24.2','91.6','0.6','190.6','1006.2','0.0'),(115,'2024-07-01 23:00:38','금성면','8','8','0.003','0.028','0.014','0.2','24.3','92.6','0.7','152.6','1006.7','0.0'),(116,'2024-07-01 01:00:53','동상동','3','7','0.002','0.018','0.010','0.1','23.7','94.9','0.5','108.7','999.4','0.0'),(117,'2024-07-01 02:00:53','동상동','6','11','0.002','0.019','0.010','0.1','23.3','95.4','0.5','134.9','999.4','0.0'),(118,'2024-07-01 03:00:53','동상동','9','14','0.002','0.017','0.011','0.1','23.3','95.4','0.2','182.0','999.6','0.0'),(119,'2024-07-01 04:00:53','동상동','12','16','0.002','0.014','0.012','0.1','23.2','95.5','0.4','259.6','999.6','0.0'),(120,'2024-07-01 05:00:53','동상동','8','14','0.002','0.009','0.013','0.1','23.1','95.8','0.3','164.5','999.5','0.0'),(121,'2024-07-01 06:00:53','동상동','6','19','0.003','0.005','0.019','0.2','23.0','96.0','0.0','267.8','1000.1','0.0'),(122,'2024-07-01 07:00:53','동상동','15','16','0.003','0.006','0.020','0.2','24.3','95.0','0.2','160.7','1000.5','0.0'),(123,'2024-07-01 08:00:53','동상동','-','17','0.003','0.011','0.018','0.2','25.2','88.9','0.5','167.5','1000.9','0.0'),(124,'2024-07-01 09:00:53','동상동','18','19','0.003','0.017','0.017','0.2','26.3','83.6','1.0','175.6','1000.7','0.0'),(125,'2024-07-01 10:00:53','동상동','19','20','0.003','0.024','0.015','0.2','27.5','76.7','0.1','355.1','1000.8','0.0'),(126,'2024-07-01 11:00:53','동상동','17','19','0.002','0.038','0.013','0.2','28.9','71.7','0.7','215.8','1001.0','0.0'),(127,'2024-07-01 12:00:53','동상동','-','-','-','-','-','-','29.7','68.7','1.9','175.4','1000.7','0.0'),(128,'2024-07-01 13:00:53','동상동','-','-','-','-','-','-','30.5','66.5','1.8','188.7','1000.3','0.0'),(129,'2024-07-01 14:00:53','동상동','27','32','0.004','0.064','0.017','0.3','30.9','64.1','2.3','180.2','1000.3','0.0'),(130,'2024-07-01 15:00:53','동상동','21','31','0.003','0.072','0.017','0.2','30.6','65.2','2.9','175.4','999.7','0.0'),(131,'2024-07-01 16:00:53','동상동','15','26','0.003','0.070','0.015','0.2','30.0','65.4','2.8','175.1','999.7','0.0'),(132,'2024-07-01 17:00:53','동상동','13','19','0.003','0.059','0.017','0.2','29.0','71.3','2.3','166.9','1000.0','0.0'),(133,'2024-07-01 18:00:53','동상동','-','21','0.003','0.055','0.015','0.2','28.4','70.0','1.4','163.1','1000.4','0.0'),(134,'2024-07-01 19:00:53','동상동','14','20','0.003','0.048','0.015','0.2','27.5','73.2','1.1','157.5','1001.3','0.0'),(135,'2024-07-01 20:00:53','동상동','12','14','0.003','0.042','0.015','0.2','26.0','80.0','1.1','155.9','1002.0','0.0'),(136,'2024-07-01 21:00:53','동상동','-','12','0.003','0.031','0.017','0.2','24.8','84.9','1.3','146.1','1002.7','0.0'),(137,'2024-07-01 22:00:53','동상동','-','14','0.003','0.027','0.018','0.2','24.4','87.1','0.8','130.3','1003.3','0.0'),(138,'2024-07-01 23:00:53','동상동','13','13','0.003','0.027','0.014','0.2','24.1','88.3','0.5','169.9','1003.7','0.0'),(139,'2024-07-01 01:00:12','삼방동','4','11','0.003','0.024','0.004','0.1','23.4','97.3','0.5','141.6','996.1','0.0'),(140,'2024-07-01 02:00:12','삼방동','3','9','0.003','0.022','0.005','0.1','23.0','97.5','0.5','149.8','996.2','0.0'),(141,'2024-07-01 03:00:12','삼방동','6','13','0.003','0.022','0.006','0.1','23.1','97.6','0.4','199.4','996.4','0.0'),(142,'2024-07-01 04:00:12','삼방동','8','19','0.003','0.020','0.006','0.1','23.1','97.7','0.5','235.1','996.4','0.0'),(143,'2024-07-01 05:00:12','삼방동','7','21','0.003','0.014','0.008','0.2','23.0','97.8','0.5','187.0','996.3','0.0'),(144,'2024-07-01 06:00:12','삼방동','11','23','0.003','0.010','0.013','0.2','22.8','97.9','0.1','282.8','996.8','0.0'),(145,'2024-07-01 07:00:12','삼방동','10','19','0.003','0.013','0.012','0.2','24.0','97.2','0.4','174.1','997.3','0.0'),(146,'2024-07-01 08:00:12','삼방동','15','25','0.003','0.014','0.014','0.3','24.9','93.1','0.8','179.9','997.7','0.0'),(147,'2024-07-01 09:00:12','삼방동','15','29','0.003','0.014','0.020','0.3','25.9','88.7','1.2','183.6','997.4','0.0'),(148,'2024-07-01 10:00:12','삼방동','13','25','0.003','0.026','0.014','0.3','27.6','79.9','0.2','345.9','997.6','0.0'),(149,'2024-07-01 11:00:12','삼방동','14','17','0.003','0.041','0.009','0.3','29.3','75.4','0.7','219.6','997.8','0.0'),(150,'2024-07-01 12:00:12','삼방동','13','23','0.003','0.052','0.012','0.3','29.8','69.4','2.1','183.0','997.5','0.0'),(151,'2024-07-01 13:00:12','삼방동','13','23','0.003','0.069','0.013','0.3','30.9','68.1','2.0','197.4','997.2','0.0'),(152,'2024-07-01 14:00:12','삼방동','13','23','-','-','-','-','31.1','66.0','2.6','190.0','997.1','0.0'),(153,'2024-07-01 15:00:12','삼방동','-','-','-','-','-','-','30.6','68.7','3.1','184.6','996.5','0.0'),(154,'2024-07-01 16:00:12','삼방동','-','-','-','-','-','-','29.8','68.8','3.0','183.6','996.5','0.0'),(155,'2024-07-01 17:00:12','삼방동','-','-','-','-','-','-','29.0','72.2','2.4','175.6','996.8','0.0'),(156,'2024-07-01 18:00:12','삼방동','-','-','-','-','-','-','28.5','71.2','1.7','173.4','997.2','0.0'),(157,'2024-07-01 19:00:12','삼방동','-','-','-','-','-','-','27.4','75.8','1.4','168.7','998.1','0.0'),(158,'2024-07-01 20:00:12','삼방동','-','-','-','-','-','-','25.8','82.4','1.4','167.3','998.8','0.0'),(159,'2024-07-01 21:00:12','삼방동','-','-','-','-','-','-','24.4','88.1','1.3','157.2','999.4','0.0'),(160,'2024-07-01 22:00:12','삼방동','-','-','-','-','-','-','24.3','89.1','0.6','136.7','1000.0','0.0'),(161,'2024-07-01 23:00:12','삼방동','-','-','-','-','-','-','24.1','89.9','0.4','189.0','1000.4','0.0'),(162,'2024-07-01 01:00:36','장유동','-','4','0.003','0.014','0.009','0.3','23.5','94.3','0.3','167.7','1000.2','0.0'),(163,'2024-07-01 02:00:36','장유동','1','6','0.003','0.015','0.008','0.3','23.2','95.0','0.9','146.9','1000.2','0.0'),(164,'2024-07-01 03:00:36','장유동','3','8','0.003','0.017','0.007','0.3','23.2','95.1','0.2','157.0','1000.4','0.0'),(165,'2024-07-01 04:00:36','장유동','3','8','0.003','0.015','0.008','0.3','22.9','95.3','0.3','193.4','1000.4','0.0'),(166,'2024-07-01 05:00:36','장유동','2','7','0.003','0.008','0.014','0.3','22.8','95.7','0.5','119.0','1000.3','0.0'),(167,'2024-07-01 06:00:36','장유동','5','12','0.003','0.004','0.018','0.4','22.7','95.9','0.3','188.2','1000.8','0.0'),(168,'2024-07-01 07:00:36','장유동','6','17','0.003','0.005','0.020','0.4','24.2','94.5','0.3','99.2','1001.3','0.0'),(169,'2024-07-01 08:00:36','장유동','7','18','0.003','0.011','0.018','0.4','25.0','88.2','0.3','128.9','1001.6','0.0'),(170,'2024-07-01 09:00:36','장유동','7','15','0.003','0.019','0.015','0.4','26.4','82.5','0.6','150.7','1001.4','0.0'),(171,'2024-07-01 10:00:36','장유동','7','15','0.003','0.025','0.015','0.4','27.2','76.9','0.6','96.2','1001.6','0.0'),(172,'2024-07-01 11:00:36','장유동','6','15','0.003','0.038','0.013','0.4','28.2','73.2','0.1','144.5','1001.8','0.0'),(173,'2024-07-01 12:00:36','장유동','7','18','0.003','0.044','0.015','0.4','29.1','71.2','0.7','138.3','1001.4','0.0'),(174,'2024-07-01 13:00:36','장유동','9','18','0.003','0.058','0.012','0.4','29.8','68.3','0.8','171.5','1001.1','0.0'),(175,'2024-07-01 14:00:36','장유동','9','17','0.003','0.066','0.013','0.4','30.4','65.0','0.8','169.7','1001.0','0.0'),(176,'2024-07-01 15:00:36','장유동','7','22','0.003','0.068','0.011','0.4','30.1','66.2','1.5','177.3','1000.5','0.0'),(177,'2024-07-01 16:00:36','장유동','10','18','0.003','0.059','0.011','0.4','29.6','66.4','1.6','188.8','1000.5','0.0'),(178,'2024-07-01 17:00:36','장유동','8','15','0.003','0.057','0.010','0.4','28.6','72.2','1.3','169.5','1000.8','0.0'),(179,'2024-07-01 18:00:36','장유동','6','9','0.003','0.051','0.012','0.4','27.8','71.7','1.1','179.5','1001.1','0.0'),(180,'2024-07-01 19:00:36','장유동','7','15','0.003','0.047','0.013','0.4','27.0','74.1','1.0','179.8','1002.1','0.0'),(181,'2024-07-01 20:00:36','장유동','7','11','0.003','0.037','0.019','0.4','25.6','80.2','0.8','182.0','1002.8','0.0'),(182,'2024-07-01 21:00:36','장유동','6','16','0.003','0.026','0.021','0.4','24.6','84.5','1.0','150.9','1003.5','0.0'),(183,'2024-07-01 22:00:36','장유동','5','12','0.003','0.027','0.015','0.4','24.2','86.9','0.8','140.3','1004.1','0.0'),(184,'2024-07-01 23:00:36','장유동','6','11','0.003','0.023','0.017','0.4','24.0','88.1','0.7','218.7','1004.6','0.0'),(185,'2024-07-01 01:00:57','진영읍','4','7','0.002','0.019','0.005','0.2','24.0','95.8','1.7','208.0','998.1','0.0'),(186,'2024-07-01 02:00:57','진영읍','7','11','0.002','0.019','0.005','0.2','23.8','96.3','1.1','207.0','998.1','0.0'),(187,'2024-07-01 03:00:57','진영읍','10','13','0.002','0.017','0.007','0.3','23.7','96.4','0.4','352.1','998.3','0.0'),(188,'2024-07-01 04:00:57','진영읍','11','14','0.002','0.015','0.007','0.4','23.4','96.8','0.3','4.5','998.4','0.0'),(189,'2024-07-01 05:00:57','진영읍','10','14','0.002','0.014','0.008','0.3','23.2','97.3','0.9','44.1','998.2','0.0'),(190,'2024-07-01 06:00:57','진영읍','10','18','0.002','0.011','0.011','0.3','23.1','97.7','0.3','237.4','998.7','0.0'),(191,'2024-07-01 07:00:57','진영읍','10','18','0.003','0.010','0.015','0.3','24.8','94.7','0.0','329.5','999.2','0.0'),(192,'2024-07-01 08:00:57','진영읍','8','17','0.002','0.020','0.011','0.3','26.0','86.0','1.2','310.3','999.5','0.0'),(193,'2024-07-01 09:00:58','진영읍','8','16','0.003','0.028','0.007','0.3','27.1','82.2','0.9','282.3','999.4','0.0'),(194,'2024-07-01 10:00:58','진영읍','13','18','0.003','0.030','0.011','0.3','27.5','76.6','1.3','284.0','999.5','0.0'),(195,'2024-07-01 11:00:58','진영읍','14','23','0.002','0.034','0.010','0.3','29.1','70.0','0.7','247.9','999.7','0.0'),(196,'2024-07-01 12:00:58','진영읍','8','12','0.002','0.044','0.006','0.3','29.9','66.4','0.6','305.8','999.3','0.0'),(197,'2024-07-01 13:00:58','진영읍','10','16','0.002','0.048','0.004','0.2','31.2','63.3','1.4','283.6','998.9','0.0'),(198,'2024-07-01 14:00:58','진영읍','12','15','0.002','0.052','0.005','0.2','31.5','59.2','1.2','243.9','998.8','0.0'),(199,'2024-07-01 15:00:58','진영읍','7','13','0.002','0.062','0.007','0.3','31.4','61.5','2.1','210.3','998.2','0.0'),(200,'2024-07-01 16:00:58','진영읍','20','20','0.002','0.062','0.009','0.3','30.7','62.8','2.3','219.8','998.2','0.0'),(201,'2024-07-01 17:00:58','진영읍','21','24','0.002','0.058','0.010','0.3','29.9','66.8','1.6','212.0','998.5','0.0'),(202,'2024-07-01 18:00:58','진영읍','17','23','0.002','0.055','0.010','0.3','29.1','68.8','2.1','187.8','999.0','0.0'),(203,'2024-07-01 19:00:58','진영읍','16','21','0.003','0.051','0.010','0.3','27.8','73.7','1.9','194.6','999.9','0.0'),(204,'2024-07-01 20:00:58','진영읍','14','20','0.003','0.049','0.008','0.3','26.4','79.8','1.5','184.8','1000.6','0.0'),(205,'2024-07-01 21:00:58','진영읍','15','18','0.003','0.046','0.009','0.4','25.4','84.3','1.6','187.6','1001.3','0.0'),(206,'2024-07-01 22:00:58','진영읍','14','20','0.002','0.037','0.009','0.3','24.8','86.6','1.4','184.1','1001.9','0.0'),(207,'2024-07-01 23:00:58','진영읍','14','16','0.003','0.034','0.008','0.3','24.2','88.9','0.8','306.7','1002.5','0.0'),(208,'2024-07-01 01:00:26','김해대로','2','7','0.002','0.015','0.017','0.2','23.5','91.8','0.6','109.3','1001.9','0.0'),(209,'2024-07-01 02:00:26','김해대로','7','13','0.003','0.013','0.020','0.2','23.2','92.5','0.6','139.4','1001.9','0.0'),(210,'2024-07-01 03:00:26','김해대로','7','16','0.003','0.012','0.021','0.2','23.4','92.7','0.3','183.4','1002.1','0.0'),(211,'2024-07-01 04:00:26','김해대로','9','17','0.002','0.011','0.021','0.2','23.1','92.8','0.4','234.7','1002.2','0.0'),(212,'2024-07-01 05:00:26','김해대로','8','16','0.002','0.004','0.030','0.2','23.0','93.1','0.4','176.3','1002.1','0.0'),(213,'2024-07-01 06:00:26','김해대로','8','15','0.003','0.003','0.032','0.2','22.9','93.3','0.0','273.3','1002.6','0.0'),(214,'2024-07-01 07:00:26','김해대로','7','15','0.003','0.004','0.035','0.3','24.3','92.3','0.4','169.2','1003.0','0.0'),(215,'2024-07-01 08:00:26','김해대로','7','15','0.003','0.008','0.029','0.3','25.1','87.5','0.8','172.6','1003.4','0.0'),(216,'2024-07-01 09:00:26','김해대로','11','22','0.003','0.013','0.031','0.3','26.2','81.0','1.2','176.1','1003.2','0.0'),(217,'2024-07-01 10:00:26','김해대로','11','20','0.003','0.020','0.025','0.3','27.7','73.5','0.2','17.6','1003.3','0.0'),(218,'2024-07-01 11:00:26','김해대로','9','18','0.003','0.026','0.026','0.3','28.7','68.7','0.7','218.6','1003.5','0.0'),(219,'2024-07-01 12:00:26','김해대로','16','20','0.003','0.036','0.026','0.3','29.3','69.9','2.2','177.9','1003.2','0.0'),(220,'2024-07-01 13:00:26','김해대로','15','22','0.003','0.046','0.030','0.3','29.8','67.7','2.1','189.2','1002.8','0.0'),(221,'2024-07-01 14:00:26','김해대로','20','26','0.003','0.046','0.033','0.4','30.5','65.3','2.6','181.4','1002.8','0.0'),(222,'2024-07-01 15:00:26','김해대로','19','27','0.003','0.048','0.036','0.3','30.1','65.7','3.1','176.4','1002.2','0.0'),(223,'2024-07-01 16:00:26','김해대로','17','27','0.003','0.049','0.031','0.3','29.7','64.6','3.0','176.0','1002.2','0.0'),(224,'2024-07-01 17:00:26','김해대로','-','-','-','-','-','-','28.3','74.0','2.4','167.3','1002.5','0.0'),(225,'2024-07-01 18:00:26','김해대로','-','-','-','-','-','-','27.8','70.7','1.6','164.2','1002.9','0.0'),(226,'2024-07-01 19:00:26','김해대로','14','24','0.003','0.031','0.022','0.3','27.4','72.1','1.3','157.9','1003.9','0.0'),(227,'2024-07-01 20:00:26','김해대로','16','21','0.003','0.027','0.024','0.3','25.9','78.2','1.3','158.0','1004.5','0.0'),(228,'2024-07-01 21:00:26','김해대로','13','18','0.003','0.019','0.031','0.3','24.7','82.2','1.4','148.2','1005.3','0.0'),(229,'2024-07-01 22:00:26','김해대로','14','20','0.003','0.020','0.027','0.3','24.3','84.7','0.8','131.8','1005.8','0.0'),(230,'2024-07-01 23:00:26','김해대로','13','18','0.003','0.020','0.026','0.3','24.1','86.2','0.6','169.7','1006.3','0.0'),(231,'2024-07-01 01:00:43','진례면','2','6','0.003','0.023','0.005','0.2','23.7','96.0','1.2','211.1','998.8','0.0'),(232,'2024-07-01 02:00:43','진례면','3','6','0.003','0.022','0.005','0.2','23.5','96.5','0.9','184.9','998.8','0.0'),(233,'2024-07-01 03:00:43','진례면','5','6','0.003','0.021','0.005','0.2','23.4','96.5','0.2','349.7','999.0','0.0'),(234,'2024-07-01 04:00:43','진례면','4','13','0.003','0.020','0.006','0.2','23.1','96.8','0.1','309.2','999.1','0.0'),(235,'2024-07-01 05:00:43','진례면','9','14','0.003','0.021','0.006','0.3','23.0','97.2','0.6','65.9','998.9','0.0'),(236,'2024-07-01 06:00:43','진례면','9','18','0.003','0.012','0.012','0.3','22.9','97.5','0.3','210.2','999.4','0.0'),(237,'2024-07-01 07:00:43','진례면','9','18','0.003','0.012','0.014','0.3','24.6','95.3','0.2','75.5','999.9','0.0'),(238,'2024-07-01 08:00:43','진례면','9','23','0.003','0.023','0.012','0.3','25.6','87.6','0.5','319.0','1000.2','0.0'),(239,'2024-07-01 09:00:43','진례면','10','16','0.003','0.026','0.013','0.3','26.8','83.2','0.2','278.2','1000.1','0.0'),(240,'2024-07-01 10:00:43','진례면','8','15','0.003','0.031','0.011','0.3','27.3','77.9','0.4','298.5','1000.2','0.0'),(241,'2024-07-01 11:00:43','진례면','7','14','0.003','0.041','0.008','0.3','28.6','72.3','0.3','258.2','1000.4','0.0'),(242,'2024-07-01 12:00:43','진례면','6','8','0.003','0.049','0.005','0.2','29.5','69.4','0.2','330.8','1000.0','0.0'),(243,'2024-07-01 13:00:43','진례면','5','12','0.003','0.056','0.007','0.2','30.6','66.3','0.6','259.6','999.6','0.0'),(244,'2024-07-01 14:00:43','진례면','7','14','0.003','0.065','0.007','0.3','30.9','62.8','0.7','216.8','999.6','0.0'),(245,'2024-07-01 15:00:43','진례면','11','18','0.003','0.070','0.008','0.3','30.7','64.7','1.7','206.2','999.0','0.0'),(246,'2024-07-01 16:00:43','진례면','7','15','0.003','0.059','0.007','0.3','30.0','65.5','2.0','215.8','999.0','0.0'),(247,'2024-07-01 17:00:43','진례면','10','13','0.003','0.059','0.007','0.3','29.3','69.6','1.4','205.6','999.3','0.0'),(248,'2024-07-01 18:00:43','진례면','9','15','0.003','0.058','0.007','0.3','28.4','70.5','1.5','192.6','999.7','0.0'),(249,'2024-07-01 19:00:43','진례면','9','13','0.003','0.053','0.006','0.3','27.3','74.8','1.4','194.0','1000.7','0.0'),(250,'2024-07-01 20:00:43','진례면','7','15','0.003','0.055','0.006','0.3','26.0','80.7','1.1','192.3','1001.3','0.0'),(251,'2024-07-01 21:00:43','진례면','7','12','0.003','0.054','0.005','0.3','25.0','85.2','1.2','182.6','1002.1','0.0'),(252,'2024-07-01 22:00:43','진례면','7','11','0.003','0.044','0.005','0.2','24.4','87.5','0.9','173.4','1002.6','0.0'),(253,'2024-07-01 23:00:43','진례면','8','17','0.003','0.031','0.009','0.3','24.0','89.3','0.8','277.0','1003.2','0.0'),(254,'2024-07-01 01:00:08','저구리','0','8','0.001','0.028','0.006','0.4','21.5','88.2','4.9','221.9','1001.1','0.0'),(255,'2024-07-01 02:00:08','저구리','-','6','0.001','0.028','0.005','0.4','21.2','88.3','4.9','234.0','1000.8','0.0'),(256,'2024-07-01 03:00:08','저구리','1','6','0.001','0.026','0.005','0.4','21.1','87.9','3.7','251.8','1001.2','0.0'),(257,'2024-07-01 04:00:08','저구리','0','8','0.001','0.024','0.005','0.4','21.0','88.0','1.3','268.0','1001.1','0.0'),(258,'2024-07-01 05:00:08','저구리','-','8','0.001','0.021','0.005','0.4','21.4','88.3','0.9','268.8','1001.1','0.0'),(259,'2024-07-01 06:00:08','저구리','2','6','0.001','0.019','0.005','0.4','21.9','88.2','1.3','241.5','1001.5','0.0'),(260,'2024-07-01 07:00:08','저구리','3','7','0.001','0.023','0.005','0.4','22.2','87.7','1.1','244.4','1001.8','0.0'),(261,'2024-07-01 08:00:08','저구리','-','6','0.001','0.024','0.007','0.4','22.0','95.7','2.1','241.1','1002.3','0.0'),(262,'2024-07-01 09:00:08','저구리','-','12','0.001','0.025','0.007','0.4','22.4','94.6','0.8','278.7','1002.1','0.0'),(263,'2024-07-01 10:00:08','저구리','2','14','0.001','0.031','0.006','0.4','24.0','90.4','2.0','229.1','1002.3','0.0'),(264,'2024-07-01 11:00:08','저구리','10','13','0.001','0.029','0.006','0.4','24.0','87.2','1.9','226.6','1002.9','0.0'),(265,'2024-07-01 12:00:08','저구리','7','16','0.001','0.032','0.006','0.4','24.0','87.4','2.4','242.3','1002.3','0.0'),(266,'2024-07-01 13:00:09','저구리','13','20','0.001','0.036','0.006','0.4','24.1','86.7','2.5','243.6','1002.3','0.0'),(267,'2024-07-01 14:00:09','저구리','-','-','-','-','-','-','25.2','82.7','2.6','246.0','1002.4','0.0'),(268,'2024-07-01 15:00:09','저구리','-','-','-','-','-','-','24.7','85.3','2.8','250.6','1002.1','0.0'),(269,'2024-07-01 16:00:09','저구리','5','13','-','-','-','-','24.0','87.2','4.1','232.6','1002.0','0.0'),(270,'2024-07-01 17:00:09','저구리','5','12','0.001','0.030','0.011','0.3','22.8','91.0','2.1','263.1','1002.3','0.0'),(271,'2024-07-01 18:00:09','저구리','8','14','0.001','0.038','0.006','0.4','22.7','92.9','2.0','241.9','1002.6','0.0'),(272,'2024-07-01 19:00:09','저구리','5','10','0.001','0.036','0.005','0.4','22.2','95.1','1.5','254.5','1003.5','0.0'),(273,'2024-07-01 20:00:09','저구리','2','10','0.001','0.031','0.007','0.4','21.9','98.1','0.8','257.8','1004.0','0.0'),(274,'2024-07-01 21:00:09','저구리','5','13','0.001','0.031','0.006','0.4','22.1','98.1','1.2','255.0','1004.4','0.0'),(275,'2024-07-01 22:00:09','저구리','3','15','0.001','0.029','0.005','0.4','22.3','98.0','0.8','276.9','1005.0','0.0'),(276,'2024-07-01 23:00:09','저구리','4','9','0.001','0.024','0.005','0.4','22.5','98.1','1.3','248.4','1005.2','0.0'),(277,'2024-07-01 01:00:33','아주동','1','6','0.002','0.028','0.002','0.2','21.3','100.0','1.0','200.7','981.4','0.0'),(278,'2024-07-01 02:00:33','아주동','5','7','0.002','0.028','0.003','0.2','21.1','100.0','1.0','213.7','981.4','0.0'),(279,'2024-07-01 03:00:33','아주동','2','7','0.002','0.026','0.003','0.2','21.2','100.0','1.2','229.6','981.5','0.0'),(280,'2024-07-01 04:00:33','아주동','0','8','0.002','0.025','0.003','0.2','21.5','100.0','1.1','243.8','981.4','0.0'),(281,'2024-07-01 05:00:33','아주동','0','7','0.002','0.025','0.003','0.2','21.8','99.9','0.6','213.6','981.5','0.0'),(282,'2024-07-01 06:00:33','아주동','4','9','0.002','0.031','0.003','0.2','21.9','99.9','1.2','241.1','981.8','0.0'),(283,'2024-07-01 07:00:33','아주동','9','11','0.002','0.032','0.003','0.2','21.5','99.9','0.4','226.9','982.2','0.0'),(284,'2024-07-01 08:00:33','아주동','4','11','0.002','0.032','0.007','0.2','22.1','99.8','1.0','239.8','982.7','0.0'),(285,'2024-07-01 09:00:33','아주동','4','10','0.002','0.038','0.005','0.3','23.5','97.8','0.2','99.8','982.5','0.0'),(286,'2024-07-01 10:00:33','아주동','5','8','0.002','0.043','0.003','0.3','23.5','93.8','0.5','223.3','982.9','0.0'),(287,'2024-07-01 11:00:33','아주동','9','16','0.003','0.029','0.019','0.3','24.5','92.3','0.4','187.7','983.4','0.0'),(288,'2024-07-01 12:00:33','아주동','11','19','0.002','0.047','0.004','0.3','25.9','88.1','0.3','155.1','982.8','0.0'),(289,'2024-07-01 13:00:33','아주동','11','15','0.002','0.052','0.003','0.3','26.3','88.3','0.3','181.6','982.7','0.0'),(290,'2024-07-01 14:00:33','아주동','9','13','0.002','0.052','0.006','0.3','26.6','84.6','0.6','177.4','982.9','0.0'),(291,'2024-07-01 15:00:33','아주동','9','17','0.002','0.049','0.008','0.3','26.5','84.3','0.9','195.8','982.4','0.0'),(292,'2024-07-01 16:00:33','아주동','8','16','0.002','0.055','0.002','0.3','24.7','85.7','2.0','231.6','982.5','0.0'),(293,'2024-07-01 17:00:33','아주동','8','14','0.002','0.045','0.002','0.3','23.3','91.6','1.9','220.5','982.6','0.0'),(294,'2024-07-01 18:00:33','아주동','6','10','0.002','0.043','0.002','0.2','23.2','91.5','1.6','215.7','983.0','0.0'),(295,'2024-07-01 19:00:33','아주동','5','10','0.002','0.042','0.003','0.2','22.8','94.8','1.6','203.9','983.6','0.0'),(296,'2024-07-01 20:00:33','아주동','5','10','0.002','0.041','0.003','0.2','21.8','98.6','1.7','223.5','984.1','0.0'),(297,'2024-07-01 21:00:33','아주동','5','9','0.002','0.036','0.004','0.3','22.0','98.7','1.4','222.7','984.7','0.0'),(298,'2024-07-01 22:00:33','아주동','6','11','0.002','0.029','0.007','0.3','22.2','98.8','1.5','216.6','985.4','0.0'),(299,'2024-07-01 23:00:33','아주동','5','11','0.002','0.033','0.005','0.2','22.1','99.1','1.7','226.2','985.5','0.0'),(300,'2024-07-01 01:00:47','고현동','2','8','0.002','0.028','0.003','0.2','22.5','95.9','1.6','187.1','995.8','0.0'),(301,'2024-07-01 02:00:47','고현동','1','13','0.002','0.028','0.003','0.2','22.2','96.2','2.0','210.0','995.7','0.0'),(302,'2024-07-01 03:00:47','고현동','3','7','0.002','0.026','0.003','0.2','22.2','96.4','1.6','206.0','995.9','0.0'),(303,'2024-07-01 04:00:47','고현동','-','7','0.002','0.023','0.004','0.2','22.4','95.9','1.6','226.2','995.9','0.0'),(304,'2024-07-01 05:00:47','고현동','3','8','0.002','0.023','0.004','0.2','22.5','95.0','1.0','234.1','996.0','0.0'),(305,'2024-07-01 06:00:47','고현동','4','11','0.002','0.029','0.004','0.2','22.7','93.8','1.7','229.2','996.4','0.0'),(306,'2024-07-01 07:00:47','고현동','7','12','0.002','0.025','0.009','0.3','23.1','92.9','1.3','226.6','996.6','0.0'),(307,'2024-07-01 08:00:47','고현동','6','11','0.002','0.026','0.010','0.3','24.0','88.2','1.9','217.0','997.2','0.0'),(308,'2024-07-01 09:00:47','고현동','3','15','0.002','0.037','0.005','0.3','24.7','86.1','0.6','231.2','997.0','0.0'),(309,'2024-07-01 10:00:47','고현동','4','17','0.003','0.036','0.009','0.3','24.6','86.4','1.0','214.9','997.3','0.0'),(310,'2024-07-01 11:00:47','고현동','13','15','0.002','0.041','0.004','0.3','25.9','80.0','1.2','217.4','997.7','0.0'),(311,'2024-07-01 12:00:47','고현동','5','13','0.002','0.050','0.004','0.3','27.2','77.3','0.6','189.9','997.2','0.0'),(312,'2024-07-01 13:00:47','고현동','-','12','0.002','0.053','0.005','0.3','27.4','79.2','1.0','219.3','997.0','0.0'),(313,'2024-07-01 14:00:47','고현동','15','15','0.002','0.053','0.003','0.3','27.1','77.7','1.9','198.2','997.2','0.0'),(314,'2024-07-01 15:00:47','고현동','-','15','0.002','0.057','0.003','0.3','27.4','76.1','2.4','209.5','996.6','0.0'),(315,'2024-07-01 16:00:47','고현동','-','12','0.002','0.057','0.003','0.3','27.2','75.8','3.4','223.8','996.6','0.0'),(316,'2024-07-01 17:00:47','고현동','11','22','0.002','0.044','0.002','0.2','26.0','78.4','3.6','205.6','996.8','0.0'),(317,'2024-07-01 18:00:47','고현동','6','15','0.002','0.044','0.003','0.2','25.2','79.1','2.7','210.1','997.1','0.0'),(318,'2024-07-01 19:00:47','고현동','3','11','0.002','0.043','0.003','0.2','24.5','81.7','3.5','203.9','997.9','0.0'),(319,'2024-07-01 20:00:47','고현동','2','6','0.002','0.046','0.003','0.3','23.7','85.7','3.1','207.9','998.4','0.0'),(320,'2024-07-01 21:00:47','고현동','2','11','0.002','0.044','0.003','0.2','23.4','89.0','2.4','215.7','999.1','0.0'),(321,'2024-07-01 22:00:47','고현동','1','3','0.002','0.040','0.003','0.2','23.3','90.0','2.8','211.1','999.8','0.0'),(322,'2024-07-01 23:00:47','고현동','0','4','0.002','0.040','0.002','0.2','23.6','89.4','2.6','223.0','1000.0','0.0'),(323,'2024-07-01 01:00:07','사천읍','4','7','0.003','0.023','0.006','0.3','23.6','93.3','0.7','228.4','1000.7','0.0'),(324,'2024-07-01 02:00:07','사천읍','4','6','0.003','0.023','0.006','0.3','23.5','93.5','0.9','206.1','1000.7','0.0'),(325,'2024-07-01 03:00:07','사천읍','8','9','0.004','0.021','0.008','0.4','23.3','93.5','1.1','209.9','1000.8','0.0'),(326,'2024-07-01 04:00:07','사천읍','12','21','0.005','0.022','0.011','0.6','23.5','93.4','1.0','233.6','1000.9','0.0'),(327,'2024-07-01 05:00:07','사천읍','13','26','0.006','0.023','0.012','0.7','23.0','94.0','0.7','220.0','1000.8','0.0'),(328,'2024-07-01 06:00:07','사천읍','15','27','0.006','0.023','0.012','0.6','23.2','94.3','0.7','215.3','1001.3','0.0'),(329,'2024-07-01 07:00:07','사천읍','12','28','0.007','0.021','0.015','0.8','24.5','91.2','0.5','228.9','1001.5','0.0'),(330,'2024-07-01 08:00:07','사천읍','10','23','0.006','0.026','0.014','0.6','25.1','90.3','0.6','223.7','1002.0','0.0'),(331,'2024-07-01 09:00:07','사천읍','11','24','0.006','0.033','0.012','0.6','25.9','85.9','0.7','244.7','1002.1','0.0'),(332,'2024-07-01 10:00:07','사천읍','13','21','0.007','0.037','0.013','0.6','26.7','80.0','0.6','245.9','1002.2','0.0'),(333,'2024-07-01 11:00:07','사천읍','11','20','0.006','0.046','0.011','0.5','27.9','77.7','1.1','234.9','1002.4','0.0'),(334,'2024-07-01 12:00:07','사천읍','8','8','0.004','0.052','0.007','0.4','28.7','72.1','0.9','256.5','1001.9','0.0'),(335,'2024-07-01 13:00:07','사천읍','6','9','0.004','0.056','0.007','0.4','29.7','68.5','1.3','222.7','1001.5','0.0'),(336,'2024-07-01 14:00:07','사천읍','5','14','0.004','0.061','0.006','0.4','30.1','69.2','1.4','208.3','1001.3','0.0'),(337,'2024-07-01 15:00:07','사천읍','16','21','0.007','0.068','0.010','0.8','29.8','69.6','1.1','208.4','1000.9','0.0'),(338,'2024-07-01 16:00:07','사천읍','10','23','0.007','0.074','0.010','0.7','28.6','74.3','1.4','211.0','1001.1','0.0'),(339,'2024-07-01 17:00:07','사천읍','9','17','0.004','0.069','0.008','0.4','27.8','78.2','1.3','211.2','1001.2','0.0'),(340,'2024-07-01 18:00:07','사천읍','7','15','0.003','0.052','0.007','0.3','28.0','76.8','1.2','212.1','1001.5','0.0'),(341,'2024-07-01 19:00:07','사천읍','7','10','0.003','0.046','0.008','0.4','27.0','79.7','1.0','202.6','1002.4','0.0'),(342,'2024-07-01 20:00:07','사천읍','7','12','0.004','0.040','0.008','0.4','25.5','85.2','0.5','183.7','1002.9','0.0'),(343,'2024-07-01 21:00:07','사천읍','9','17','0.004','0.034','0.008','0.4','24.1','88.8','0.4','159.9','1003.6','0.0'),(344,'2024-07-01 22:00:07','사천읍','8','16','0.003','0.034','0.007','0.3','23.6','90.3','0.4','151.2','1004.0','0.0'),(345,'2024-07-01 23:00:07','사천읍','8','14','0.003','0.031','0.006','0.3','23.5','91.4','0.4','135.3','1004.6','0.0'),(346,'2024-07-01 01:00:31','향촌동','-','15','0.003','0.021','0.006','0.1','22.8','84.9','0.5','357.8','1000.5','0.0'),(347,'2024-07-01 02:00:31','향촌동','2','8','0.003','0.018','0.006','0.1','22.9','84.9','0.4','264.7','1000.5','0.0'),(348,'2024-07-01 03:00:31','향촌동','2','8','0.003','0.015','0.008','0.1','22.4','84.4','0.4','253.0','1000.6','0.0'),(349,'2024-07-01 04:00:31','향촌동','4','7','0.003','0.013','0.010','0.2','22.9','84.4','1.1','271.2','1000.7','0.0'),(350,'2024-07-01 05:00:31','향촌동','4','7','0.003','0.013','0.010','0.2','22.2','85.0','0.3','259.5','1000.5','0.0'),(351,'2024-07-01 06:00:31','향촌동','3','10','0.003','0.013','0.009','0.2','22.6','84.4','1.4','250.0','1001.0','0.0'),(352,'2024-07-01 07:00:31','향촌동','5','11','0.003','0.014','0.012','0.2','23.4','83.8','0.3','62.7','1001.1','0.0'),(353,'2024-07-01 08:00:31','향촌동','7','10','0.003','0.018','0.013','0.2','24.0','93.3','0.2','344.3','1001.7','0.0'),(354,'2024-07-01 09:00:31','향촌동','5','13','0.003','0.021','0.014','0.2','25.7','89.0','0.7','153.2','1001.6','0.0'),(355,'2024-07-01 10:00:31','향촌동','6','20','0.004','0.029','0.017','0.2','26.1','85.1','0.5','155.6','1001.7','0.0'),(356,'2024-07-01 11:00:31','향촌동','8','18','0.003','0.032','0.015','0.2','27.2','83.6','1.0','154.6','1002.2','0.0'),(357,'2024-07-01 12:00:31','향촌동','7','16','0.003','0.051','0.015','0.2','27.0','78.7','1.1','139.7','1001.6','0.0'),(358,'2024-07-01 13:00:31','향촌동','8','12','0.003','0.077','0.015','0.2','27.5','77.2','0.7','95.0','1001.5','0.0'),(359,'2024-07-01 14:00:31','향촌동','9','13','0.003','0.051','0.014','0.2','27.9','76.5','1.8','145.8','1001.4','0.0'),(360,'2024-07-01 15:00:31','향촌동','5','10','0.003','0.043','0.011','0.2','27.5','77.5','1.0','113.0','1001.1','0.0'),(361,'2024-07-01 16:00:31','향촌동','6','8','0.003','0.045','0.010','0.2','26.2','81.6','1.4','110.5','1001.1','0.0'),(362,'2024-07-01 17:00:31','향촌동','7','10','0.004','0.037','0.014','0.2','26.4','82.6','1.4','123.3','1001.2','0.0'),(363,'2024-07-01 18:00:31','향촌동','5','10','0.003','0.039','0.010','0.2','26.4','82.8','1.4','113.8','1001.5','0.0'),(364,'2024-07-01 19:00:31','향촌동','8','9','0.003','0.039','0.009','0.2','25.0','86.3','1.3','116.2','1002.4','0.0'),(365,'2024-07-01 20:00:31','향촌동','4','15','0.003','0.038','0.010','0.2','23.6','91.7','1.9','103.6','1002.9','0.0'),(366,'2024-07-01 21:00:31','향촌동','7','12','0.003','0.030','0.014','0.1','23.1','93.8','1.7','83.4','1003.6','0.0'),(367,'2024-07-01 22:00:31','향촌동','5','13','0.003','0.030','0.011','0.1','23.1','94.1','1.8','79.4','1003.9','0.0'),(368,'2024-07-01 23:00:31','향촌동','5','9','0.003','0.030','0.009','0.1','23.1','94.5','1.4','104.3','1004.4','0.0'),(369,'2024-07-01 01:00:50','대산면','-','3','0.001','0.012','0.009','0.6','24.1','92.5','0.7','202.7','1000.7','0.0'),(370,'2024-07-01 02:00:50','대산면','19','19','0.001','0.012','0.008','0.6','23.9','93.5','0.5','222.8','1000.8','0.0'),(371,'2024-07-01 03:00:50','대산면','12','12','0.001','0.010','0.009','0.6','23.9','93.8','0.2','317.5','1001.0','0.0'),(372,'2024-07-01 04:00:50','대산면','15','21','0.001','0.008','0.009','0.6','23.6','94.5','0.1','333.6','1001.0','0.0'),(373,'2024-07-01 05:00:50','대산면','11','20','0.001','0.007','0.007','0.6','23.2','95.8','0.3','25.5','1001.0','0.0'),(374,'2024-07-01 06:00:50','대산면','15','25','0.001','0.006','0.008','0.6','23.1','96.3','0.3','265.2','1001.3','0.0'),(375,'2024-07-01 07:00:50','대산면','-','12','0.001','0.010','0.007','0.6','24.7','90.0','0.4','287.7','1001.9','0.0'),(376,'2024-07-01 08:00:50','대산면','-','13','0.001','0.018','0.006','0.7','25.9','82.4','0.8','294.3','1002.1','0.0'),(377,'2024-07-01 09:00:50','대산면','20','21','0.001','0.030','0.005','0.6','26.8','78.8','0.9','269.6','1002.0','0.0'),(378,'2024-07-01 10:00:50','대산면','-','17','0.001','0.038','0.005','0.6','27.5','74.1','1.3','267.4','1002.2','0.0'),(379,'2024-07-01 11:00:50','대산면','15','15','0.001','0.041','0.005','0.6','28.7','68.0','1.0','234.9','1002.3','0.0'),(380,'2024-07-01 12:00:50','대산면','13','20','0.001','0.044','0.005','0.6','29.9','63.7','0.8','233.9','1002.0','0.0'),(381,'2024-07-01 13:00:50','대산면','-','10','0.001','0.047','0.005','0.5','30.7','61.5','1.5','273.0','1001.5','0.0'),(382,'2024-07-01 14:00:50','대산면','11','15','0.001','0.053','0.005','0.5','31.4','56.4','1.4','246.1','1001.3','0.0'),(383,'2024-07-01 15:00:50','대산면','13','13','0.001','0.057','0.005','0.5','31.5','57.7','1.3','221.2','1000.7','0.0'),(384,'2024-07-01 16:00:50','대산면','17','27','0.001','0.064','0.008','0.7','31.2','61.4','1.6','229.3','1000.7','0.0'),(385,'2024-07-01 17:00:51','대산면','19','24','0.001','0.058','0.007','0.7','29.9','64.1','1.4','223.2','1001.0','0.0'),(386,'2024-07-01 18:00:51','대산면','19','26','0.001','0.053','0.008','0.7','29.5','68.4','1.6','190.6','1001.4','0.0'),(387,'2024-07-01 19:00:51','대산면','16','26','0.001','0.050','0.008','0.7','28.3','72.1','1.4','191.3','1002.4','0.0'),(388,'2024-07-01 20:00:51','대산면','22','24','0.001','0.043','0.009','0.7','26.8','77.1','0.9','166.6','1003.1','0.0'),(389,'2024-07-01 21:00:51','대산면','18','18','0.001','0.035','0.009','0.6','25.9','79.9','0.6','171.7','1003.9','0.0'),(390,'2024-07-01 22:00:51','대산면','23','25','0.001','0.028','0.010','0.7','25.0','83.5','0.7','171.5','1004.4','0.0'),(391,'2024-07-01 23:00:51','대산면','21','31','0.001','0.027','0.009','0.6','24.4','86.0','0.3','346.5','1005.1','0.0'),(392,'2024-07-01 01:00:17','북부동','4','8','0.002','0.020','0.021','0.2','23.9','93.1','1.1','196.2','998.4','0.0'),(393,'2024-07-01 02:00:17','북부동','6','9','0.002','0.019','0.022','0.2','23.7','93.7','0.3','234.9','998.4','0.0'),(394,'2024-07-01 03:00:17','북부동','4','11','0.002','0.018','0.023','0.2','23.4','94.1','1.2','198.5','998.6','0.0'),(395,'2024-07-01 04:00:17','북부동','6','11','0.002','0.018','0.023','0.2','23.3','94.3','0.5','270.2','998.6','0.0'),(396,'2024-07-01 05:00:17','북부동','6','12','0.002','0.016','0.024','0.2','23.1','94.7','0.4','256.7','998.6','0.0'),(397,'2024-07-01 06:00:17','북부동','8','14','0.002','0.012','0.028','0.2','23.2','95.0','0.8','242.3','999.0','0.0'),(398,'2024-07-01 07:00:17','북부동','7','15','0.002','0.008','0.034','0.3','24.6','93.1','0.8','206.4','999.6','0.0'),(399,'2024-07-01 08:00:17','북부동','7','18','0.003','0.015','0.029','0.3','26.0','82.0','0.1','187.9','999.8','0.0'),(400,'2024-07-01 09:00:17','북부동','10','18','0.002','0.023','0.027','0.3','27.1','76.4','0.6','215.5','999.7','0.0'),(401,'2024-07-01 10:00:17','북부동','14','18','0.002','0.024','0.029','0.3','28.2','70.9','0.6','238.0','999.9','0.0'),(402,'2024-07-01 11:00:17','북부동','11','18','0.002','0.034','0.025','0.3','29.8','64.0','0.4','175.0','1000.0','0.0'),(403,'2024-07-01 12:00:17','북부동','11','16','0.002','0.047','0.024','0.3','30.7','58.9','0.6','252.1','999.8','0.0'),(404,'2024-07-01 13:00:17','북부동','10','19','0.002','0.059','0.021','0.3','31.2','58.2','0.6','263.1','999.2','0.0'),(405,'2024-07-01 14:00:17','북부동','14','20','0.002','0.069','0.023','0.3','31.6','56.3','1.1','234.4','999.3','0.0'),(406,'2024-07-01 15:00:17','북부동','17','24','0.002','0.087','0.025','0.3','31.6','56.8','1.7','230.9','998.6','0.0'),(407,'2024-07-01 16:00:17','북부동','17','27','0.002','0.093','0.026','0.3','30.8','59.6','2.1','232.0','998.6','0.0'),(408,'2024-07-01 17:00:17','북부동','18','23','0.003','0.077','0.025','0.3','29.8','62.9','1.9','230.6','998.9','0.0'),(409,'2024-07-01 18:00:17','북부동','17','20','0.002','0.063','0.026','0.3','28.9','66.9','2.0','208.0','999.4','0.0'),(410,'2024-07-01 19:00:17','북부동','16','20','0.002','0.054','0.029','0.4','28.0','70.5','1.4','210.1','1000.2','0.0'),(411,'2024-07-01 20:00:17','북부동','17','22','0.002','0.050','0.028','0.4','26.3','78.8','1.5','201.8','1001.0','0.0'),(412,'2024-07-01 21:00:17','북부동','16','21','0.002','0.038','0.031','0.3','25.0','84.9','1.0','208.2','1001.7','0.0'),(413,'2024-07-01 22:00:17','북부동','14','17','0.002','0.031','0.031','0.3','24.3','87.6','0.4','205.9','1002.2','0.0'),(414,'2024-07-01 23:00:17','북부동','12','18','0.002','0.029','0.027','0.3','23.7','88.9','0.5','220.8','1002.6','0.0'),(415,'2024-07-01 01:00:34','삼호동','0','4','0.002','0.023','0.006','0.2','22.8','94.3','1.7','214.8','988.9','0.0'),(416,'2024-07-01 02:00:34','삼호동','1','3','0.002','0.022','0.005','0.2','22.7','94.3','2.1','225.2','988.9','0.0'),(417,'2024-07-01 03:00:34','삼호동','1','2','0.002','0.023','0.005','0.2','22.9','94.3','2.0','224.7','989.0','0.0'),(418,'2024-07-01 04:00:34','삼호동','3','4','0.002','0.021','0.005','0.2','22.8','94.5','2.3','226.1','989.1','0.0'),(419,'2024-07-01 05:00:34','삼호동','2','8','0.002','0.020','0.006','0.2','23.1','94.0','1.6','234.0','989.0','0.0'),(420,'2024-07-01 06:00:34','삼호동','5','11','0.002','0.020','0.008','0.3','22.8','96.4','1.1','250.7','989.6','0.0'),(421,'2024-07-01 07:00:34','삼호동','9','18','0.002','0.021','0.010','0.3','23.9','91.0','2.4','213.7','990.0','0.0'),(422,'2024-07-01 08:00:34','삼호동','6','16','0.002','0.027','0.009','0.3','25.6','83.1','1.3','241.4','990.4','0.0'),(423,'2024-07-01 09:00:34','삼호동','4','9','0.002','0.036','0.007','0.3','26.9','76.2','0.6','317.6','990.3','0.0'),(424,'2024-07-01 10:00:34','삼호동','5','9','0.002','0.041','0.006','0.2','27.9','70.7','0.3','282.0','990.4','0.0'),(425,'2024-07-01 11:00:34','삼호동','5','16','0.002','0.044','0.007','0.2','27.9','66.9','0.3','16.5','990.7','0.0'),(426,'2024-07-01 12:00:34','삼호동','9','13','0.003','0.054','0.007','0.3','29.2','62.8','0.4','317.8','990.5','0.0'),(427,'2024-07-01 13:00:34','삼호동','8','19','0.002','0.058','0.009','0.3','29.3','62.5','0.6','230.7','990.0','0.0'),(428,'2024-07-01 14:00:34','삼호동','8','12','0.002','0.060','0.007','0.2','30.2','58.3','0.3','299.5','990.0','0.0'),(429,'2024-07-01 15:00:34','삼호동','8','17','0.002','0.063','0.009','0.2','28.9','68.0','1.1','83.0','989.5','0.0'),(430,'2024-07-01 16:00:35','삼호동','13','19','0.002','0.066','0.009','0.3','28.2','69.4','0.7','220.2','989.5','0.0'),(431,'2024-07-01 17:00:35','삼호동','10','20','0.002','0.075','0.010','0.3','27.3','72.1','0.5','226.9','989.6','0.0'),(432,'2024-07-01 18:00:35','삼호동','11','24','0.002','0.077','0.011','0.3','26.9','74.4','2.0','209.6','990.1','0.0'),(433,'2024-07-01 19:00:35','삼호동','10','24','0.002','0.062','0.013','0.3','26.0','77.2','2.1','190.7','990.8','0.0'),(434,'2024-07-01 20:00:35','삼호동','9','23','0.002','0.050','0.015','0.3','24.8','82.2','2.9','208.4','991.5','0.0'),(435,'2024-07-01 21:00:35','삼호동','17','22','0.003','0.049','0.011','0.3','23.9','87.5','2.4','198.0','992.2','0.0'),(436,'2024-07-01 22:00:35','삼호동','14','23','0.003','0.046','0.010','0.3','23.1','91.0','1.5','196.8','992.7','0.0'),(437,'2024-07-01 23:00:35','삼호동','15','18','0.002','0.038','0.011','0.3','23.0','91.7','2.3','204.1','993.0','0.0'),(438,'2024-07-01 01:00:55','물금읍','4','8','0.003','0.016','0.010','0.3','23.9','94.7','1.2','202.2','999.7','0.0'),(439,'2024-07-01 02:00:55','물금읍','3','13','0.003','0.015','0.011','0.3','23.7','95.3','0.5','228.4','999.6','0.0'),(440,'2024-07-01 03:00:55','물금읍','3','13','0.003','0.016','0.010','0.3','23.5','95.4','1.3','204.7','999.9','0.0'),(441,'2024-07-01 04:00:55','물금읍','3','16','0.003','0.016','0.010','0.3','23.5','95.4','0.7','271.4','999.8','0.0'),(442,'2024-07-01 05:00:55','물금읍','3','14','0.003','0.016','0.010','0.3','23.3','95.7','0.5','247.6','999.8','0.0'),(443,'2024-07-01 06:00:55','물금읍','4','11','0.003','0.015','0.010','0.3','23.3','96.0','0.7','242.7','1000.3','0.0'),(444,'2024-07-01 07:00:55','물금읍','5','13','0.003','0.011','0.015','0.3','24.6','94.6','0.7','206.0','1000.8','0.0'),(445,'2024-07-01 08:00:55','물금읍','6','14','0.003','0.009','0.019','0.4','25.8','85.9','0.5','187.0','1001.1','0.0'),(446,'2024-07-01 09:00:55','물금읍','5','15','0.003','0.015','0.016','0.4','26.8','80.5','1.2','212.5','1001.0','0.0'),(447,'2024-07-01 10:00:55','물금읍','5','19','0.003','0.018','0.017','0.4','27.7','74.7','0.6','250.1','1001.2','0.0'),(448,'2024-07-01 11:00:55','물금읍','6','20','0.003','0.033','0.012','0.4','29.6','67.0','0.9','196.8','1001.2','0.0'),(449,'2024-07-01 12:00:55','물금읍','6','20','0.003','0.044','0.012','0.4','30.5','62.7','1.4','223.8','1001.0','0.0'),(450,'2024-07-01 13:00:55','물금읍','6','19','0.003','0.056','0.015','0.4','31.1','61.8','1.5','231.7','1000.4','0.0'),(451,'2024-07-01 14:00:55','물금읍','8','26','0.003','0.070','0.014','0.4','31.4','60.4','2.1','220.2','1000.5','0.0'),(452,'2024-07-01 15:00:55','물금읍','9','25','0.003','0.080','0.016','0.4','31.5','59.9','2.7','218.1','999.8','0.0'),(453,'2024-07-01 16:00:55','물금읍','10','28','0.003','0.083','0.014','0.4','30.8','62.1','2.8','214.1','999.9','0.0'),(454,'2024-07-01 17:00:55','물금읍','11','27','0.003','0.071','0.013','0.3','29.6','66.8','2.5','215.8','1000.1','0.0'),(455,'2024-07-01 18:00:55','물금읍','9','23','0.003','0.052','0.015','0.3','29.0','68.4','2.0','209.8','1000.6','0.0'),(456,'2024-07-01 19:00:55','물금읍','8','20','0.003','0.047','0.018','0.4','28.1','72.2','1.6','213.5','1001.5','0.0'),(457,'2024-07-01 20:00:55','물금읍','8','20','0.003','0.039','0.021','0.4','26.4','79.6','1.5','205.7','1002.2','0.0'),(458,'2024-07-01 21:00:55','물금읍','8','24','0.003','0.031','0.020','0.4','25.2','84.6','1.0','209.9','1003.0','0.0'),(459,'2024-07-01 22:00:55','물금읍','7','21','0.003','0.028','0.017','0.4','24.5','87.6','0.5','201.1','1003.5','0.0'),(460,'2024-07-01 23:00:55','물금읍','6','19','0.003','0.028','0.015','0.4','24.1','88.9','0.5','263.9','1003.9','0.0'),(461,'2024-07-01 01:00:11','내일동','5','9','0.005','0.021','0.007','0.1','24.6','90.6','0.7','159.6','999.4','0.0'),(462,'2024-07-01 02:00:11','내일동','3','15','0.005','0.018','0.008','0.1','24.4','91.2','0.1','178.1','999.4','0.0'),(463,'2024-07-01 03:00:11','내일동','3','18','0.005','0.017','0.007','0.1','24.1','92.2','0.1','172.5','999.7','0.0'),(464,'2024-07-01 04:00:11','내일동','6','19','0.005','0.016','0.007','0.1','23.8','93.5','0.3','139.3','999.7','0.0'),(465,'2024-07-01 05:00:11','내일동','5','18','0.005','0.014','0.007','0.2','23.3','94.8','0.1','178.3','999.7','0.0'),(466,'2024-07-01 06:00:11','내일동','6','26','0.005','0.009','0.010','0.2','23.4','95.3','0.0','104.0','1000.0','0.0'),(467,'2024-07-01 07:00:11','내일동','9','28','0.005','0.008','0.011','0.2','24.8','88.5','0.0','119.7','1000.6','0.0'),(468,'2024-07-01 08:00:11','내일동','12','23','0.005','0.014','0.009','0.2','26.5','77.2','0.2','118.6','1000.8','0.0'),(469,'2024-07-01 09:00:11','내일동','9','19','0.005','0.029','0.007','0.2','27.2','72.8','0.3','261.9','1000.7','0.0'),(470,'2024-07-01 10:00:11','내일동','-','-','-','-','-','-','28.0','67.8','0.2','319.4','1000.9','0.0'),(471,'2024-07-01 11:00:11','내일동','9','22','-','-','-','-','29.9','60.0','0.9','145.6','1001.0','0.0'),(472,'2024-07-01 12:00:11','내일동','9','22','0.003','0.050','0.006','0.2','30.8','55.9','1.3','170.1','1000.7','0.0'),(473,'2024-07-01 13:00:11','내일동','14','19','0.003','0.053','0.005','0.2','31.4','54.7','0.9','225.1','1000.1','0.0'),(474,'2024-07-01 14:00:11','내일동','12','19','0.003','0.053','0.006','0.2','32.3','48.3','0.9','305.3','999.9','0.0'),(475,'2024-07-01 15:00:12','내일동','14','17','0.003','0.056','0.006','0.2','32.6','48.8','0.7','233.6','999.4','0.0'),(476,'2024-07-01 16:00:12','내일동','8','16','0.003','0.057','0.006','0.2','32.2','49.9','1.4','240.6','999.3','0.0'),(477,'2024-07-01 17:00:12','내일동','6','18','0.003','0.057','0.007','0.2','31.0','57.1','1.0','229.5','999.6','0.0'),(478,'2024-07-01 18:00:12','내일동','11','23','0.003','0.069','0.009','0.3','30.3','62.0','2.0','147.6','999.9','0.0'),(479,'2024-07-01 19:00:12','내일동','12','23','0.003','0.064','0.009','0.3','29.2','66.2','1.6','177.7','1000.9','0.0'),(480,'2024-07-01 20:00:12','내일동','12','24','0.003','0.058','0.008','0.3','27.7','72.4','1.6','148.0','1001.7','0.0'),(481,'2024-07-01 21:00:12','내일동','8','27','0.003','0.048','0.010','0.3','26.8','76.5','1.0','138.5','1002.4','0.0'),(482,'2024-07-01 22:00:12','내일동','10','23','0.003','0.042','0.010','0.3','25.8','79.2','1.5','145.4','1002.9','0.0'),(483,'2024-07-01 23:00:12','내일동','10','22','0.003','0.036','0.010','0.3','25.2','81.9','0.6','141.1','1003.7','0.0'),(484,'2024-07-01 01:00:36','무전동','2','13','0.003','0.028','0.004','0.3','22.3','85.2','1.7','193.7','1000.1','0.0'),(485,'2024-07-01 02:00:36','무전동','4','21','0.003','0.027','0.004','0.3','22.0','84.9','1.6','173.5','1000.0','0.0'),(486,'2024-07-01 03:00:36','무전동','2','15','0.003','0.024','0.005','0.3','21.8','84.7','0.8','272.5','1000.2','0.0'),(487,'2024-07-01 04:00:36','무전동','3','16','0.003','0.022','0.005','0.3','21.8','84.9','0.1','111.8','1000.2','0.0'),(488,'2024-07-01 05:00:36','무전동','7','18','0.003','0.021','0.005','0.3','21.8','85.2','0.1','9.4','1000.3','0.0'),(489,'2024-07-01 06:00:36','무전동','7','20','0.003','0.014','0.012','0.3','21.8','85.6','0.8','79.2','1000.7','0.0'),(490,'2024-07-01 07:00:36','무전동','8','26','0.003','0.014','0.013','0.3','22.1','87.3','1.1','71.3','1000.8','0.0'),(491,'2024-07-01 08:00:36','무전동','7','22','0.003','0.020','0.010','0.3','22.8','93.1','0.4','38.6','1001.4','0.0'),(492,'2024-07-01 09:00:36','무전동','5','21','0.003','0.032','0.007','0.4','24.3','88.7','0.6','62.3','1001.1','0.0'),(493,'2024-07-01 10:00:36','무전동','3','24','0.003','0.036','0.007','0.4','24.9','87.2','1.6','118.5','1001.4','0.0'),(494,'2024-07-01 11:00:36','무전동','8','29','0.003','0.046','0.007','0.4','25.1','84.2','1.0','73.1','1001.9','0.0'),(495,'2024-07-01 12:00:36','무전동','12','25','0.003','0.045','0.010','0.4','25.5','82.3','1.4','73.7','1001.3','0.0'),(496,'2024-07-01 13:00:36','무전동','18','30','0.004','0.053','0.008','0.4','25.8','82.6','1.3','67.4','1001.2','0.0'),(497,'2024-07-01 14:00:36','무전동','12','25','0.003','0.056','0.007','0.4','26.3','79.3','1.3','77.4','1001.2','0.0'),(498,'2024-07-01 15:00:36','무전동','12','27','0.003','0.052','0.009','0.4','26.0','80.7','1.6','86.7','1000.9','0.0'),(499,'2024-07-01 16:00:36','무전동','9','24','0.003','0.046','0.009','0.4','25.2','83.5','1.1','73.8','1000.9','0.0'),(500,'2024-07-01 17:00:36','무전동','12','25','0.003','0.045','0.006','0.4','25.6','81.6','2.2','154.1','1001.1','0.0'),(501,'2024-07-01 18:00:36','무전동','14','21','0.003','0.046','0.005','0.4','24.7','83.2','1.0','103.3','1001.3','0.0'),(502,'2024-07-01 19:00:36','무전동','10','25','0.003','0.042','0.007','0.4','23.6','86.0','0.9','81.9','1002.3','0.0'),(503,'2024-07-01 20:00:36','무전동','12','25','0.003','0.038','0.009','0.3','22.6','91.7','1.1','87.8','1002.9','0.0'),(504,'2024-07-01 21:00:36','무전동','14','21','0.003','0.033','0.009','0.3','22.7','93.0','1.1','96.4','1003.4','0.0'),(505,'2024-07-01 22:00:36','무전동','11','20','0.003','0.035','0.007','0.3','22.8','92.8','0.6','76.1','1003.9','0.0'),(506,'2024-07-01 23:00:36','무전동','6','16','0.003','0.030','0.008','0.3','22.8','92.5','0.9','89.3','1004.3','0.0'),(507,'2024-07-01 01:00:58','고성읍','8','16','0.003','0.025','0.006','0.4','22.8','86.8','0.8','151.7','998.9','0.0'),(508,'2024-07-01 02:00:58','고성읍','6','17','0.003','0.024','0.005','0.4','22.7','86.7','0.4','108.1','998.9','0.0'),(509,'2024-07-01 03:00:58','고성읍','7','18','0.003','0.023','0.006','0.4','22.4','86.8','1.5','167.0','999.0','0.0'),(510,'2024-07-01 04:00:58','고성읍','6','21','0.003','0.021','0.006','0.4','22.5','86.7','0.1','350.8','999.1','0.0'),(511,'2024-07-01 05:00:58','고성읍','8','18','0.003','0.020','0.006','0.4','22.4','86.7','0.6','250.2','999.1','0.0'),(512,'2024-07-01 06:00:58','고성읍','10','17','0.003','0.019','0.007','0.5','22.4','87.7','1.0','286.9','999.5','0.0'),(513,'2024-07-01 07:00:58','고성읍','6','17','0.003','0.019','0.008','0.5','23.3','91.6','0.5','167.2','999.6','0.0'),(514,'2024-07-01 08:00:58','고성읍','13','22','0.003','0.022','0.009','0.5','24.0','88.2','1.3','180.7','1000.2','0.0'),(515,'2024-07-01 09:00:58','고성읍','10','23','0.003','0.024','0.010','0.5','25.3','86.4','1.3','191.0','1000.1','0.0'),(516,'2024-07-01 10:00:58','고성읍','18','21','0.003','0.033','0.009','0.6','26.1','80.8','0.8','146.9','1000.3','0.0'),(517,'2024-07-01 11:00:58','고성읍','13','22','0.004','0.040','0.010','0.6','26.6','79.9','1.5','190.2','1000.7','0.0'),(518,'2024-07-01 12:00:58','고성읍','13','22','-','-','-','-','27.9','74.1','1.7','147.5','1000.1','0.0'),(519,'2024-07-01 13:00:58','고성읍','-','-','-','-','-','-','28.4','76.8','1.8','159.0','999.9','0.0'),(520,'2024-07-01 14:00:58','고성읍','-','-','-','-','-','-','28.5','75.1','2.6','158.9','999.9','0.0'),(521,'2024-07-01 15:00:58','고성읍','-','-','-','-','-','-','28.2','74.6','2.7','175.5','999.5','0.0'),(522,'2024-07-01 16:00:58','고성읍','-','-','-','-','-','-','27.3','78.0','2.9','187.4','999.5','0.0'),(523,'2024-07-01 17:00:58','고성읍','-','-','-','-','-','-','26.6','80.9','2.8','185.8','999.7','0.0'),(524,'2024-07-01 18:00:58','고성읍','-','-','-','-','-','-','26.1','76.3','2.0','176.7','1000.0','0.0'),(525,'2024-07-01 19:00:58','고성읍','-','-','-','-','-','-','25.0','78.2','1.6','164.0','1000.9','0.0'),(526,'2024-07-01 20:00:58','고성읍','-','-','-','-','-','-','24.1','82.3','1.6','177.6','1001.5','0.0'),(527,'2024-07-01 21:00:58','고성읍','-','-','-','-','-','-','23.5','85.5','1.1','168.8','1002.1','0.0'),(528,'2024-07-01 22:00:58','고성읍','-','-','-','-','-','-','23.5','86.5','1.1','171.3','1002.6','0.0'),(529,'2024-07-01 23:00:58','고성읍','-','-','-','-','-','-','23.6','85.8','1.2','168.6','1003.1','0.0'),(530,'2024-07-01 01:00:10','거창읍','2','18','0.003','0.007','0.007','0.4','22.1','93.9','0.2','246.0','979.6','0.0'),(531,'2024-07-01 02:00:10','거창읍','2','24','0.003','0.003','0.008','0.4','22.1','93.9','0.2','200.7','979.8','0.0'),(532,'2024-07-01 03:00:10','거창읍','6','24','0.003','0.005','0.007','0.4','22.3','93.9','0.5','226.4','980.0','0.0'),(533,'2024-07-01 04:00:10','거창읍','7','29','0.003','0.003','0.007','0.4','22.1','93.9','0.2','233.6','980.1','0.0'),(534,'2024-07-01 05:00:10','거창읍','7','21','0.003','0.004','0.007','0.4','22.1','93.9','0.6','204.6','980.3','0.0'),(535,'2024-07-01 06:00:10','거창읍','6','30','0.003','0.004','0.008','0.4','22.2','94.0','0.1','222.6','980.5','0.0'),(536,'2024-07-01 07:00:10','거창읍','8','34','0.003','0.009','0.007','0.4','22.8','93.9','0.4','89.5','981.1','0.0'),(537,'2024-07-01 08:00:10','거창읍','12','27','0.003','0.015','0.007','0.4','24.1','90.3','0.5','114.4','981.4','0.0'),(538,'2024-07-01 09:00:10','거창읍','9','23','0.003','0.028','0.005','0.4','26.0','77.6','0.3','124.1','981.5','0.0'),(539,'2024-07-01 10:00:10','거창읍','9','23','0.003','0.038','0.005','0.3','28.2','66.4','0.4','41.9','981.5','0.0'),(540,'2024-07-01 11:00:10','거창읍','2','15','-','-','-','-','28.4','60.4','0.8','203.0','981.4','0.0'),(541,'2024-07-01 12:00:10','거창읍','5','19','0.003','0.050','0.005','0.3','30.6','56.6','0.9','153.6','981.2','0.0'),(542,'2024-07-01 13:00:10','거창읍','10','14','0.003','0.054','0.004','0.3','31.3','50.3','0.6','249.0','981.0','0.0'),(543,'2024-07-01 14:00:10','거창읍','6','13','0.003','0.055','0.003','0.3','31.8','49.8','0.8','262.0','980.7','0.0'),(544,'2024-07-01 15:00:10','거창읍','17','18','0.003','0.058','0.003','0.3','32.3','46.1','0.9','239.8','980.4','0.0'),(545,'2024-07-01 16:00:10','거창읍','14','23','0.003','0.059','0.003','0.3','31.6','56.2','1.3','246.0','980.3','0.0'),(546,'2024-07-01 17:00:10','거창읍','8','21','0.003','0.057','0.003','0.3','30.4','57.4','1.2','228.6','980.1','0.0'),(547,'2024-07-01 18:00:10','거창읍','16','23','0.003','0.058','0.004','0.3','30.2','62.3','1.2','221.7','980.4','0.0'),(548,'2024-07-01 19:00:10','거창읍','21','28','0.003','0.054','0.004','0.4','28.1','71.6','0.7','218.2','981.2','0.0'),(549,'2024-07-01 20:00:10','거창읍','18','28','0.003','0.046','0.004','0.4','26.0','80.8','1.3','185.1','982.0','0.0'),(550,'2024-07-01 21:00:10','거창읍','12','26','0.003','0.037','0.005','0.4','24.5','89.5','0.9','260.3','982.6','0.0'),(551,'2024-07-01 22:00:10','거창읍','14','32','0.003','0.026','0.006','0.4','23.6','92.2','0.5','252.7','983.0','0.0'),(552,'2024-07-01 23:00:10','거창읍','13','27','0.003','0.022','0.006','0.4','23.2','92.7','0.5','265.2','983.5','0.0'),(553,'2024-07-01 01:00:30','가야읍','5','11','0.003','0.019','0.004','0.4','24.1','94.3','1.2','175.1','999.6','0.0'),(554,'2024-07-01 02:00:30','가야읍','7','12','0.003','0.015','0.004','0.4','24.1','95.4','0.3','206.1','999.8','0.0'),(555,'2024-07-01 03:00:30','가야읍','10','18','0.003','0.016','0.005','0.4','23.8','96.8','0.4','81.2','999.8','0.0'),(556,'2024-07-01 04:00:30','가야읍','12','16','0.003','0.019','0.005','0.5','23.6','96.7','0.4','214.4','1000.0','0.0'),(557,'2024-07-01 05:00:30','가야읍','11','21','0.003','0.022','0.004','0.5','23.1','97.2','0.7','315.0','1000.0','0.0'),(558,'2024-07-01 06:00:30','가야읍','15','23','0.003','0.017','0.007','0.5','23.5','95.6','1.0','179.6','1000.2','0.0'),(559,'2024-07-01 07:00:30','가야읍','17','22','0.003','0.022','0.005','0.5','25.0','91.1','0.2','193.9','1000.7','0.0'),(560,'2024-07-01 08:00:30','가야읍','13','20','0.003','0.031','0.004','0.5','26.1','86.2','0.5','55.7','1000.9','0.0'),(561,'2024-07-01 09:00:30','가야읍','-','12','0.003','0.038','0.004','0.4','27.0','80.9','0.6','45.9','1001.0','0.0'),(562,'2024-07-01 10:00:30','가야읍','3','16','0.003','0.039','0.005','0.4','27.5','77.7','0.8','259.6','1001.1','0.0'),(563,'2024-07-01 11:00:30','가야읍','6','18','0.004','0.042','0.005','0.4','28.7','70.7','0.5','225.8','1001.3','0.0'),(564,'2024-07-01 12:00:30','가야읍','5','15','0.004','0.046','0.004','0.4','30.0','66.6','1.5','110.2','1000.8','0.0'),(565,'2024-07-01 13:00:30','가야읍','6','14','0.003','0.048','0.003','0.4','30.5','64.2','0.9','229.4','1000.4','0.0'),(566,'2024-07-01 14:00:30','가야읍','9','11','0.003','0.052','0.003','0.4','31.4','60.8','1.4','192.1','1000.2','0.0'),(567,'2024-07-01 15:00:30','가야읍','9','14','0.003','0.057','0.003','0.4','31.1','61.3','1.7','197.6','999.8','0.0'),(568,'2024-07-01 16:00:30','가야읍','16','22','0.003','0.062','0.005','0.5','30.2','69.4','2.5','154.0','999.8','0.0'),(569,'2024-07-01 17:00:30','가야읍','14','17','0.003','0.061','0.004','0.5','29.5','70.1','2.3','201.6','1000.0','0.0'),(570,'2024-07-01 18:00:30','가야읍','20','21','0.004','0.062','0.004','0.5','28.9','72.0','2.0','208.7','1000.4','0.0'),(571,'2024-07-01 19:00:30','가야읍','8','20','0.004','0.057','0.004','0.6','28.2','75.0','1.6','204.6','1001.4','0.0'),(572,'2024-07-01 20:00:30','가야읍','7','16','0.003','0.047','0.004','0.5','26.5','80.1','1.6','159.6','1002.0','0.0'),(573,'2024-07-01 21:00:30','가야읍','6','12','0.003','0.041','0.004','0.4','25.3','83.4','1.6','191.4','1002.7','0.0'),(574,'2024-07-01 22:00:30','가야읍','10','15','0.003','0.037','0.004','0.4','24.8','86.1','1.2','185.8','1003.3','0.0'),(575,'2024-07-01 23:00:30','가야읍','10','16','0.003','0.036','0.003','0.4','24.4','87.9','0.8','211.6','1003.9','0.0'),(576,'2024-07-01 01:00:45','함양읍','4','14','0.002','0.014','0.006','0.3','22.5','94.7','0.9','217.0','982.8','0.0'),(577,'2024-07-01 02:00:45','함양읍','4','18','0.002','0.009','0.006','0.3','22.2','95.0','0.6','257.4','983.0','0.0'),(578,'2024-07-01 03:00:45','함양읍','4','22','0.002','0.009','0.006','0.3','22.2','95.2','1.4','240.4','983.1','0.0'),(579,'2024-07-01 04:00:45','함양읍','9','22','0.002','0.021','0.004','0.3','22.2','95.1','0.8','277.1','983.2','0.0'),(580,'2024-07-01 05:00:45','함양읍','10','23','0.002','0.018','0.005','0.3','22.2','95.2','0.4','251.2','983.4','0.0'),(581,'2024-07-01 06:00:45','함양읍','10','20','0.002','0.009','0.007','0.3','22.3','95.2','0.7','254.6','983.6','0.0'),(582,'2024-07-01 07:00:45','함양읍','11','23','0.002','0.010','0.008','0.3','23.1','94.7','0.3','289.0','984.0','0.0'),(583,'2024-07-01 08:00:45','함양읍','13','21','0.002','0.018','0.008','0.3','25.4','84.2','0.3','4.0','984.2','0.0'),(584,'2024-07-01 09:00:45','함양읍','7','19','0.002','0.026','0.008','0.3','27.2','72.3','0.4','64.3','984.3','0.0'),(585,'2024-07-01 10:00:45','함양읍','7','8','0.002','0.040','0.005','0.3','28.7','65.0','0.1','100.5','984.2','0.0'),(586,'2024-07-01 11:00:45','함양읍','6','6','0.002','0.045','0.004','0.3','29.3','56.4','0.7','282.5','984.2','0.0'),(587,'2024-07-01 12:00:45','함양읍','7','7','0.002','0.051','0.004','0.3','30.5','54.1','0.9','238.9','984.0','0.0'),(588,'2024-07-01 13:00:45','함양읍','7','7','-','-','-','-','31.2','47.7','2.0','259.7','983.8','0.0'),(589,'2024-07-01 14:00:45','함양읍','7','15','-','-','-','-','31.5','49.5','2.3','235.5','983.4','0.0'),(590,'2024-07-01 15:00:45','함양읍','8','11','0.002','0.052','0.005','0.3','31.8','50.0','2.1','270.9','983.2','0.0'),(591,'2024-07-01 16:00:45','함양읍','8','18','0.002','0.053','0.004','0.3','31.4','52.9','2.3','268.9','983.2','0.0'),(592,'2024-07-01 17:00:45','함양읍','15','20','0.002','0.055','0.004','0.3','30.7','54.8','1.8','257.3','983.0','0.0'),(593,'2024-07-01 18:00:45','함양읍','15','25','0.002','0.055','0.004','0.3','30.7','56.9','2.2','256.1','983.3','0.0'),(594,'2024-07-01 19:00:45','함양읍','9','20','0.002','0.051','0.005','0.3','29.2','63.9','1.9','241.6','984.1','0.0'),(595,'2024-07-01 20:00:45','함양읍','12','26','0.002','0.045','0.005','0.3','26.3','78.9','0.4','249.6','984.8','0.0'),(596,'2024-07-01 21:00:45','함양읍','7','22','0.002','0.035','0.006','0.3','24.5','86.6','0.4','130.5','985.5','0.0'),(597,'2024-07-01 22:00:45','함양읍','11','23','0.002','0.024','0.005','0.3','23.6','90.4','0.2','221.2','986.1','0.0'),(598,'2024-07-01 23:00:45','함양읍','15','22','0.002','0.019','0.006','0.3','23.3','91.2','0.5','225.7','986.6','0.0'),(599,'2024-07-01 01:00:14','남해읍','4','7','0.002','0.024','0.007','0.4','23.2','98.4','0.1','245.5','994.0','0.0'),(600,'2024-07-01 02:00:14','남해읍','4','7','0.002','0.023','0.005','0.4','23.3','98.5','0.7','271.4','993.9','0.0'),(601,'2024-07-01 03:00:14','남해읍','6','10','0.002','0.023','0.006','0.4','23.1','98.2','1.2','230.6','994.1','0.0'),(602,'2024-07-01 04:00:14','남해읍','6','7','0.002','0.025','0.006','0.4','23.3','96.7','1.0','232.0','994.1','0.0'),(603,'2024-07-01 05:00:14','남해읍','3','10','0.002','0.025','0.006','0.4','23.0','95.4','0.8','229.4','994.0','0.0'),(604,'2024-07-01 06:00:14','남해읍','6','16','0.002','0.023','0.006','0.4','23.0','97.2','1.5','247.8','994.5','0.0'),(605,'2024-07-01 07:00:14','남해읍','8','13','0.003','0.026','0.008','0.4','23.9','93.1','1.0','241.9','994.7','0.0'),(606,'2024-07-01 08:00:14','남해읍','9','10','0.002','0.033','0.006','0.4','24.6','90.0','1.0','268.1','995.0','0.0'),(607,'2024-07-01 09:00:14','남해읍','7','11','0.002','0.036','0.005','0.4','25.3','87.1','0.4','135.2','995.2','0.0'),(608,'2024-07-01 10:00:14','남해읍','6','12','0.003','0.037','0.005','0.4','25.9','83.6','0.4','198.8','995.3','0.0'),(609,'2024-07-01 11:00:14','남해읍','6','14','0.002','0.042','0.006','0.5','26.8','80.6','0.5','154.3','995.7','0.0'),(610,'2024-07-01 12:00:14','남해읍','10','12','0.004','0.058','0.007','0.5','27.7','77.5','1.1','112.2','995.2','0.0'),(611,'2024-07-01 13:00:14','남해읍','7','17','0.004','0.068','0.007','0.5','28.0','76.1','0.4','94.5','995.1','0.0'),(612,'2024-07-01 14:00:14','남해읍','6','12','0.003','0.058','0.006','0.4','28.3','73.9','1.5','147.0','994.8','0.0'),(613,'2024-07-01 15:00:14','남해읍','6','10','0.003','0.051','0.005','0.4','28.8','72.6','2.1','214.7','994.6','0.0'),(614,'2024-07-01 16:00:14','남해읍','5','16','0.002','0.041','0.004','0.4','27.5','75.6','2.6','209.1','994.6','0.0'),(615,'2024-07-01 17:00:14','남해읍','7','12','0.002','0.043','0.005','0.4','27.2','78.6','1.6','230.4','994.6','0.0'),(616,'2024-07-01 18:00:14','남해읍','6','13','0.002','0.041','0.006','0.4','26.7','79.2','0.9','264.7','994.9','0.0'),(617,'2024-07-01 19:00:14','남해읍','8','14','0.002','0.047','0.005','0.4','25.7','82.6','0.7','185.8','995.8','0.0'),(618,'2024-07-01 20:00:14','남해읍','9','15','0.002','0.045','0.006','0.4','24.7','87.0','0.4','137.2','996.3','0.0'),(619,'2024-07-01 21:00:14','남해읍','9','13','0.002','0.035','0.007','0.4','24.2','91.3','0.4','250.4','997.0','0.0'),(620,'2024-07-01 22:00:14','남해읍','9','16','0.002','0.035','0.007','0.4','23.9','90.9','0.6','265.8','997.5','0.0'),(621,'2024-07-01 23:00:14','남해읍','9','14','0.002','0.032','0.007','0.4','23.8','93.1','0.5','203.5','997.8','0.0'),(622,'2024-07-01 01:00:37','산청읍','-','-','0.002','0.014','0.006','0.3','23.3','98.3','0.2','244.5','988.6','0.0'),(623,'2024-07-01 02:00:37','산청읍','-','-','0.002','0.011','0.005','0.3','23.1','98.4','0.1','256.4','988.6','0.0'),(624,'2024-07-01 03:00:37','산청읍','-','-','0.003','0.009','0.005','0.3','22.7','98.5','0.4','230.4','988.7','0.0'),(625,'2024-07-01 04:00:37','산청읍','-','-','0.002','0.009','0.005','0.3','22.5','98.6','0.6','248.1','988.9','0.0'),(626,'2024-07-01 05:00:37','산청읍','-','-','0.003','0.010','0.005','0.2','22.4','98.6','0.4','258.6','989.2','0.0'),(627,'2024-07-01 06:00:37','산청읍','-','-','0.003','0.008','0.005','0.2','22.2','98.7','0.2','227.8','989.3','0.0'),(628,'2024-07-01 07:00:37','산청읍','-','-','0.002','0.007','0.006','0.2','22.8','98.7','0.6','261.3','989.8','0.0'),(629,'2024-07-01 08:00:37','산청읍','-','-','0.003','0.009','0.006','0.3','25.6','88.3','0.5','308.9','989.8','0.0'),(630,'2024-07-01 09:00:37','산청읍','-','-','0.002','0.026','0.004','0.2','26.8','77.5','0.8','344.3','990.1','0.0'),(631,'2024-07-01 10:00:37','산청읍','-','-','0.003','0.037','0.003','0.2','28.1','68.5','0.7','276.4','990.1','0.0'),(632,'2024-07-01 11:00:37','산청읍','-','-','0.002','0.043','0.003','0.2','29.3','63.4','0.5','68.4','989.9','0.0'),(633,'2024-07-01 12:00:37','산청읍','-','-','0.002','0.044','0.003','0.2','30.0','65.6','0.9','79.4','989.7','0.0'),(634,'2024-07-01 13:00:37','산청읍','-','-','0.002','0.041','0.003','0.2','30.8','59.5','0.4','63.0','989.4','0.0'),(635,'2024-07-01 14:00:37','산청읍','-','-','0.003','0.046','0.003','0.2','30.9','57.6','1.1','214.0','989.1','0.0'),(636,'2024-07-01 15:00:37','산청읍','-','-','0.003','0.047','0.003','0.2','30.9','62.3','0.9','128.7','988.8','0.0'),(637,'2024-07-01 16:00:37','산청읍','-','-','0.002','0.049','0.004','0.2','30.4','66.3','0.7','76.9','988.8','0.0'),(638,'2024-07-01 17:00:37','산청읍','-','-','0.003','0.062','0.006','0.4','29.3','69.8','0.6','105.8','988.8','0.0'),(639,'2024-07-01 18:00:37','산청읍','-','-','0.004','0.057','0.008','0.4','28.8','72.6','1.1','141.1','989.2','0.0'),(640,'2024-07-01 19:00:37','산청읍','-','-','0.003','0.050','0.008','0.4','27.9','76.5','0.4','86.9','990.0','0.0'),(641,'2024-07-01 20:00:37','산청읍','-','-','0.003','0.040','0.007','0.3','26.2','83.7','0.4','44.8','990.7','0.0'),(642,'2024-07-01 21:00:37','산청읍','-','-','0.003','0.035','0.007','0.3','25.1','87.9','1.1','66.9','991.3','0.0'),(643,'2024-07-01 22:00:37','산청읍','-','-','0.003','0.031','0.007','0.3','24.4','90.8','0.3','218.7','991.8','0.0'),(644,'2024-07-01 23:00:37','산청읍','-','-','0.003','0.028','0.007','0.3','23.9','92.0','0.3','67.6','992.6','0.0'),(645,'2024-07-01 01:00:55','남상면','15','20','0.002','0.005','0.009','0.4','22.1','96.9','0.4','236.6','977.2','0.0'),(646,'2024-07-01 02:00:55','남상면','11','22','0.002','0.003','0.009','0.4','21.8','96.9','0.3','206.7','977.4','0.0'),(647,'2024-07-01 03:00:55','남상면','10','24','0.003','0.003','0.010','0.4','21.8','96.9','0.7','231.7','977.6','0.0'),(648,'2024-07-01 04:00:55','남상면','11','19','0.003','0.004','0.009','0.4','21.7','96.9','0.4','230.8','977.7','0.0'),(649,'2024-07-01 05:00:55','남상면','11','18','0.002','0.003','0.010','0.4','21.7','96.9','0.8','205.4','977.9','0.0'),(650,'2024-07-01 06:00:55','남상면','-','17','0.003','0.003','0.011','0.4','21.8','97.0','0.3','212.5','978.1','0.0'),(651,'2024-07-01 07:00:55','남상면','14','17','0.003','0.003','0.011','0.4','22.8','96.9','0.4','104.6','978.8','0.0'),(652,'2024-07-01 08:00:55','남상면','17','20','0.003','0.012','0.008','0.4','24.4','86.6','0.5','113.0','979.1','0.0'),(653,'2024-07-01 09:00:55','남상면','24','24','0.003','0.024','0.007','0.3','26.1','76.5','0.3','109.9','979.2','0.0'),(654,'2024-07-01 10:00:55','남상면','17','17','0.003','0.034','0.006','0.3','27.8','66.8','0.5','36.5','979.2','0.0'),(655,'2024-07-01 11:00:55','남상면','-','14','0.002','0.044','0.005','0.3','28.4','58.3','0.7','194.2','979.1','0.0'),(656,'2024-07-01 12:00:55','남상면','-','12','0.002','0.050','0.004','0.3','29.8','56.4','0.9','153.6','978.9','0.0'),(657,'2024-07-01 13:00:55','남상면','-','8','0.002','0.052','0.004','0.3','30.8','51.2','0.5','237.4','978.8','0.0'),(658,'2024-07-01 14:00:55','남상면','-','9','0.002','0.053','0.004','0.3','31.2','48.1','0.8','257.2','978.4','0.0'),(659,'2024-07-01 15:00:55','남상면','-','-','0.002','0.054','0.004','0.3','31.7','48.3','0.8','234.9','978.2','0.0'),(660,'2024-07-01 16:00:55','남상면','-','-','-','-','-','-','31.3','55.4','1.3','237.8','978.1','0.0'),(661,'2024-07-01 17:00:55','남상면','-','-','0.002','0.053','0.004','0.3','30.5','56.4','1.4','231.8','977.9','0.0'),(662,'2024-07-01 18:00:55','남상면','-','-','0.002','0.054','0.004','0.3','29.8','60.6','1.4','221.2','978.1','0.0'),(663,'2024-07-01 19:00:55','남상면','-','-','0.002','0.046','0.005','0.3','28.0','68.8','0.8','222.3','979.0','0.0'),(664,'2024-07-01 20:00:55','남상면','-','-','0.002','0.038','0.006','0.3','26.1','76.9','1.3','190.2','979.7','0.0'),(665,'2024-07-01 21:00:55','남상면','-','-','0.002','0.027','0.010','0.3','23.9','88.0','0.9','258.2','980.4','0.0'),(666,'2024-07-01 22:00:55','남상면','-','-','0.002','0.019','0.011','0.4','23.1','92.4','0.5','256.4','980.7','0.0'),(667,'2024-07-01 23:00:55','남상면','-','-','0.002','0.016','0.009','0.4','22.8','94.2','0.5','264.8','981.1','0.0'),(668,'2024-07-01 01:00:20','의령읍','8','14','0.002','0.012','0.005','0.2','24.0','96.6','2.0','214.5','993.8','0.0'),(669,'2024-07-01 02:00:20','의령읍','9','19','0.002','0.011','0.005','0.2','23.9','96.6','1.4','220.2','993.9','0.0'),(670,'2024-07-01 03:00:20','의령읍','12','21','0.002','0.012','0.005','0.2','23.6','97.1','0.6','247.8','994.0','0.0'),(671,'2024-07-01 04:00:20','의령읍','12','25','0.002','0.011','0.005','0.2','23.5','97.6','1.2','224.8','994.2','0.0'),(672,'2024-07-01 05:00:20','의령읍','10','25','0.002','0.012','0.005','0.2','23.3','97.7','1.0','251.1','994.3','0.0'),(673,'2024-07-01 06:00:20','의령읍','9','22','0.002','0.010','0.006','0.2','23.1','98.0','1.0','189.2','994.5','0.0'),(674,'2024-07-01 07:00:20','의령읍','10','24','0.002','0.013','0.004','0.3','24.2','96.7','0.4','279.0','994.9','0.0'),(675,'2024-07-01 08:00:20','의령읍','6','17','0.002','0.019','0.004','0.2','25.8','89.8','0.4','63.5','995.2','0.0'),(676,'2024-07-01 09:00:20','의령읍','6','15','0.002','0.022','0.005','0.2','26.6','83.6','0.8','136.3','995.2','0.0'),(677,'2024-07-01 10:00:20','의령읍','13','21','0.002','0.023','0.004','0.3','27.5','76.5','0.8','202.3','995.3','0.0'),(678,'2024-07-01 11:00:20','의령읍','5','13','0.002','0.028','0.003','0.2','28.9','70.2','1.2','118.7','995.3','0.0'),(679,'2024-07-01 12:00:20','의령읍','6','13','0.002','0.032','0.003','0.3','29.7','65.7','1.6','172.9','995.0','0.0'),(680,'2024-07-01 13:00:20','의령읍','12','17','0.002','0.037','0.003','0.2','30.3','63.9','1.3','242.2','994.7','0.0'),(681,'2024-07-01 14:00:20','의령읍','11','12','0.002','0.044','0.003','0.2','30.8','62.0','1.9','211.7','994.4','0.0'),(682,'2024-07-01 15:00:20','의령읍','11','18','0.002','0.047','0.004','0.3','30.7','64.6','2.8','207.5','994.0','0.0'),(683,'2024-07-01 16:00:20','의령읍','-','-','-','-','-','-','30.1','68.3','2.5','218.1','994.1','0.0'),(684,'2024-07-01 17:00:20','의령읍','-','-','-','-','-','-','28.9','71.5','3.2','213.1','994.3','0.0'),(685,'2024-07-01 18:00:20','의령읍','15','23','0.003','0.051','0.007','0.4','28.1','74.5','3.0','229.5','994.7','0.0'),(686,'2024-07-01 19:00:20','의령읍','14','22','0.003','0.046','0.006','0.3','27.7','77.4','2.0','230.2','995.6','0.0'),(687,'2024-07-01 20:00:20','의령읍','13','20','0.003','0.035','0.006','0.3','26.2','82.7','0.7','205.2','996.2','0.0'),(688,'2024-07-01 21:00:20','의령읍','16','23','0.002','0.025','0.005','0.3','24.7','86.2','2.1','218.0','996.9','0.0'),(689,'2024-07-01 22:00:20','의령읍','13','21','0.002','0.025','0.005','0.3','24.6','88.4','1.7','209.0','997.4','0.0'),(690,'2024-07-01 23:00:20','의령읍','13','19','0.003','0.024','0.005','0.2','24.4','90.3','0.8','227.6','998.0','0.0'),(691,'2024-07-01 01:00:38','창녕읍','9','14','0.003','0.017','0.006','0.3','24.4','95.1','1.5','173.3','995.9','0.0'),(692,'2024-07-01 02:00:38','창녕읍','10','16','0.003','0.016','0.006','0.3','24.4','94.8','1.3','178.1','996.0','0.0'),(693,'2024-07-01 03:00:38','창녕읍','10','16','0.003','0.016','0.006','0.3','24.1','95.9','0.3','229.2','996.1','0.0'),(694,'2024-07-01 04:00:38','창녕읍','12','17','0.003','0.015','0.006','0.3','23.8','97.1','0.3','276.0','996.3','0.0'),(695,'2024-07-01 05:00:38','창녕읍','15','19','0.003','0.013','0.009','0.3','23.6','97.0','0.6','221.5','996.4','0.0'),(696,'2024-07-01 06:00:38','창녕읍','15','23','0.003','0.011','0.010','0.3','23.5','97.8','0.6','308.4','996.6','0.0'),(697,'2024-07-01 07:00:38','창녕읍','13','22','0.003','0.008','0.014','0.3','24.5','95.3','0.4','292.8','997.2','0.0'),(698,'2024-07-01 08:00:38','창녕읍','12','22','0.003','0.013','0.009','0.3','26.2','87.9','0.6','312.3','997.4','0.0'),(699,'2024-07-01 09:00:38','창녕읍','10','18','0.003','0.025','0.005','0.2','26.9','82.0','0.4','344.6','997.5','0.0'),(700,'2024-07-01 10:00:38','창녕읍','10','15','0.002','0.035','0.005','0.2','28.7','70.7','0.3','242.1','997.6','0.0'),(701,'2024-07-01 11:00:38','창녕읍','8','14','0.003','0.047','0.005','0.2','29.7','64.0','0.9','48.8','997.5','0.0'),(702,'2024-07-01 12:00:38','창녕읍','9','11','0.002','0.055','0.004','0.2','30.6','60.9','0.9','232.0','997.3','0.0'),(703,'2024-07-01 13:00:38','창녕읍','12','14','0.002','0.056','0.004','0.2','31.6','56.9','1.2','311.2','996.9','0.0'),(704,'2024-07-01 14:00:38','창녕읍','7','16','0.003','0.052','0.004','0.2','32.5','53.7','1.4','232.2','996.5','0.0'),(705,'2024-07-01 15:00:38','창녕읍','11','16','0.002','0.051','0.003','0.2','32.3','55.3','0.8','224.9','996.0','0.0'),(706,'2024-07-01 16:00:38','창녕읍','12','15','0.002','0.049','0.004','0.2','32.1','57.0','0.7','183.2','996.0','0.0'),(707,'2024-07-01 17:00:38','창녕읍','15','20','0.002','0.050','0.005','0.2','30.9','61.0','1.4','211.5','996.2','0.0'),(708,'2024-07-01 18:00:38','창녕읍','16','20','0.002','0.055','0.006','0.3','30.2','67.8','2.2','190.3','996.5','0.0'),(709,'2024-07-01 19:00:38','창녕읍','17','26','0.003','0.058','0.009','0.4','29.1','71.6','2.2','192.0','997.5','0.0'),(710,'2024-07-01 20:00:38','창녕읍','20','27','0.003','0.056','0.010','0.4','27.9','78.1','1.1','176.7','998.2','0.0'),(711,'2024-07-01 21:00:38','창녕읍','20','24','0.003','0.048','0.010','0.4','26.9','81.7','1.3','174.7','998.8','0.0'),(712,'2024-07-01 22:00:38','창녕읍','17','27','0.003','0.042','0.011','0.4','26.3','83.6','1.8','178.1','999.3','0.0'),(713,'2024-07-01 23:00:38','창녕읍','21','26','0.003','0.028','0.012','0.4','25.6','87.0','1.7','178.5','1000.0','0.0'),(714,'2024-07-01 01:00:00','합천읍','8','18','0.002','0.013','0.010','0.3','23.7','95.1','0.4','244.2','997.7','0.0'),(715,'2024-07-01 02:00:00','합천읍','8','22','0.003','0.008','0.010','0.3','23.5','95.0','0.2','226.0','997.9','0.0'),(716,'2024-07-01 03:00:00','합천읍','5','23','0.003','0.006','0.010','0.3','23.2','95.3','0.2','257.2','998.0','0.0'),(717,'2024-07-01 04:00:00','합천읍','7','24','0.002','0.005','0.010','0.3','22.9','95.4','0.2','258.6','998.1','0.0'),(718,'2024-07-01 05:00:00','합천읍','8','24','0.003','0.006','0.009','0.3','23.1','95.2','0.1','236.0','998.3','0.0'),(719,'2024-07-01 06:00:00','합천읍','6','21','0.002','0.006','0.010','0.3','23.0','95.3','0.1','186.3','998.4','0.0'),(720,'2024-07-01 07:00:00','합천읍','5','19','0.002','0.006','0.011','0.3','23.7','95.0','0.1','166.9','999.1','0.0'),(721,'2024-07-01 08:00:00','합천읍','6','19','0.003','0.014','0.010','0.2','26.2','82.7','0.6','67.9','999.2','0.0'),(722,'2024-07-01 09:00:00','합천읍','5','17','0.002','0.026','0.009','0.2','27.9','74.1','0.5','40.1','999.3','0.0'),(723,'2024-07-01 10:00:00','합천읍','4','14','0.002','0.034','0.009','0.2','28.4','66.0','0.5','151.4','999.3','0.0'),(724,'2024-07-01 11:00:00','합천읍','8','16','0.002','0.038','0.009','0.2','29.9','58.5','0.5','94.0','999.2','0.0'),(725,'2024-07-01 12:00:00','합천읍','10','15','0.002','0.044','0.009','0.2','30.8','55.6','0.7','157.2','999.0','0.0'),(726,'2024-07-01 13:00:00','합천읍','4','18','0.003','0.046','0.008','0.2','32.1','52.8','0.6','74.1','998.6','0.0'),(727,'2024-07-01 14:00:00','합천읍','8','20','0.003','0.046','0.008','0.2','31.7','52.1','1.0','150.2','998.2','0.0'),(728,'2024-07-01 15:00:00','합천읍','5','20','0.002','0.046','0.009','0.3','32.4','54.2','1.1','173.4','997.8','0.0'),(729,'2024-07-01 16:00:00','합천읍','4','20','0.003','0.048','0.009','0.2','31.9','55.0','1.7','169.7','997.7','0.0'),(730,'2024-07-01 17:00:00','합천읍','9','22','0.003','0.050','0.009','0.2','30.9','59.2','1.5','209.1','997.9','0.0'),(731,'2024-07-01 18:00:00','합천읍','14','22','0.003','0.063','0.010','0.3','30.1','65.5','2.1','187.8','998.2','0.0'),(732,'2024-07-01 19:00:00','합천읍','14','27','0.004','0.063','0.011','0.4','28.9','70.6','1.2','197.0','999.2','0.0'),(733,'2024-07-01 20:00:00','합천읍','19','25','0.003','0.053','0.012','0.4','27.6','76.6','0.3','238.7','999.9','0.0'),(734,'2024-07-01 21:00:00','합천읍','14','19','0.003','0.045','0.012','0.3','26.5','81.4','0.6','209.0','1000.6','0.0'),(735,'2024-07-01 22:00:00','합천읍','13','18','0.003','0.037','0.012','0.3','25.8','84.2','0.7','204.5','1001.1','0.0'),(736,'2024-07-01 23:00:00','합천읍','12','18','0.003','0.033','0.011','0.3','25.4','85.6','0.4','211.8','1001.8','0.0'),(737,'2024-07-01 01:00:29','마산항','6','9','0.002','0.020','0.005','0.3','23.4','92.6','0.5','199.7','1003.0','0.0'),(738,'2024-07-01 02:00:29','마산항','7','9','0.001','0.018','0.007','0.3','23.2','93.9','0.9','158.9','1003.1','0.0'),(739,'2024-07-01 03:00:29','마산항','7','10','0.002','0.017','0.007','0.3','23.2','94.3','0.3','49.6','1003.2','0.0'),(740,'2024-07-01 04:00:29','마산항','8','10','0.002','0.018','0.005','0.3','22.8','94.3','0.1','249.4','1003.3','0.0'),(741,'2024-07-01 05:00:29','마산항','8','11','0.002','0.016','0.006','0.3','22.6','95.1','0.1','188.1','1003.2','0.0'),(742,'2024-07-01 06:00:29','마산항','8','19','0.002','0.009','0.010','0.3','22.8','94.5','0.0','164.2','1003.6','0.0'),(743,'2024-07-01 07:00:29','마산항','13','17','0.002','0.010','0.014','0.3','23.9','90.6','0.2','86.2','1004.0','0.0'),(744,'2024-07-01 08:00:29','마산항','16','17','0.002','0.014','0.013','0.4','24.6','88.3','0.8','80.0','1004.4','0.0'),(745,'2024-07-01 09:00:29','마산항','11','25','0.002','0.018','0.012','0.4','26.0','82.3','0.2','50.9','1004.3','0.0'),(746,'2024-07-01 10:00:29','마산항','17','24','0.003','0.012','0.026','0.5','26.9','78.8','0.6','51.1','1004.4','0.0'),(747,'2024-07-01 11:00:29','마산항','15','24','0.003','0.020','0.026','0.5','27.2','75.7','0.1','353.7','1004.7','0.0'),(748,'2024-07-01 12:00:29','마산항','23','29','0.006','0.022','0.034','0.5','28.6','72.6','0.5','148.0','1004.2','0.0'),(749,'2024-07-01 13:00:29','마산항','24','29','0.008','0.023','0.047','0.5','29.0','69.6','1.5','127.4','1003.8','0.0'),(750,'2024-07-01 14:00:29','마산항','24','130','0.006','0.026','0.041','0.5','29.8','66.3','1.6','117.5','1003.8','0.0'),(751,'2024-07-01 15:00:29','마산항','23','73','0.003','0.040','0.024','0.5','29.5','66.5','1.6','160.2','1003.3','0.0'),(752,'2024-07-01 16:00:29','마산항','24','76','0.004','0.036','0.035','0.5','29.3','72.0','1.6','185.8','1003.3','0.0'),(753,'2024-07-01 17:00:29','마산항','13','52','0.003','0.045','0.017','0.4','28.1','73.8','1.5','192.9','1003.5','0.0'),(754,'2024-07-01 18:00:29','마산항','13','25','0.002','0.045','0.008','0.4','27.5','76.9','1.2','161.1','1003.9','0.0'),(755,'2024-07-01 19:00:29','마산항','11','21','0.002','0.040','0.007','0.4','26.8','78.8','1.0','123.3','1004.9','0.0'),(756,'2024-07-01 20:00:29','마산항','11','17','0.002','0.038','0.006','0.4','25.3','83.1','1.2','153.5','1005.5','0.0'),(757,'2024-07-01 21:00:29','마산항','13','22','0.002','0.035','0.007','0.4','24.5','85.8','1.1','189.1','1006.3','0.0'),(758,'2024-07-01 22:00:29','마산항','12','17','0.002','0.034','0.007','0.4','24.0','88.7','0.5','126.3','1006.8','0.0'),(759,'2024-07-01 23:00:29','마산항','10','41','0.002','0.031','0.009','0.4','23.9','89.8','0.6','197.8','1007.4','0.0'),(760,'2024-07-01 01:00:46','삼천포항','4','12','0.001','0.024','0.007','0.1','23.0','69.6','0.5','12.1','1003.7','0.0'),(761,'2024-07-01 02:00:46','삼천포항','4','11','0.002','0.019','0.012','0.2','22.9','70.0','0.4','269.7','1003.7','0.0'),(762,'2024-07-01 03:00:46','삼천포항','3','17','0.002','0.023','0.009','0.1','22.7','68.6','0.4','254.8','1003.8','0.0'),(763,'2024-07-01 04:00:46','삼천포항','1','14','0.001','0.023','0.008','0.1','22.9','69.0','1.1','271.2','1003.9','0.0'),(764,'2024-07-01 05:00:46','삼천포항','5','16','0.002','0.019','0.011','0.2','22.5','70.2','0.2','257.5','1003.7','0.0'),(765,'2024-07-01 06:00:46','삼천포항','5','18','0.002','0.013','0.017','0.2','22.7','69.8','1.4','248.6','1004.2','0.0'),(766,'2024-07-01 07:00:46','삼천포항','7','23','0.002','0.016','0.016','0.2','23.9','67.7','0.4','66.7','1004.4','0.0'),(767,'2024-07-01 08:00:46','삼천포항','5','12','0.002','0.020','0.014','0.2','24.3','93.3','0.2','5.9','1004.9','0.0'),(768,'2024-07-01 09:00:46','삼천포항','7','13','0.002','0.023','0.017','0.2','25.6','91.0','0.8','147.3','1004.8','0.0'),(769,'2024-07-01 10:00:46','삼천포항','8','22','0.001','0.020','0.023','0.2','26.4','88.5','0.5','149.9','1004.9','0.0'),(770,'2024-07-01 11:00:46','삼천포항','16','24','0.002','0.022','0.024','0.2','27.2','86.0','1.1','148.5','1005.4','0.0'),(771,'2024-07-01 12:00:46','삼천포항','23','28','0.002','0.069','0.029','0.3','27.3','82.0','1.3','136.9','1004.8','0.0'),(772,'2024-07-01 13:00:46','삼천포항','19','30','0.002','0.057','0.030','0.3','28.4','78.0','0.8','95.4','1004.6','0.0'),(773,'2024-07-01 14:00:46','삼천포항','16','17','0.002','0.031','0.021','0.2','28.2','77.6','1.9','144.8','1004.5','0.0'),(774,'2024-07-01 15:00:46','삼천포항','13','17','0.001','0.048','0.012','0.2','28.1','78.7','1.1','113.0','1004.2','0.0'),(775,'2024-07-01 16:00:46','삼천포항','13','20','0.001','0.048','0.012','0.2','26.7','84.8','1.4','108.5','1004.3','0.0'),(776,'2024-07-01 17:00:46','삼천포항','12','23','0.002','0.039','0.020','0.2','26.2','86.5','1.5','122.4','1004.4','0.0'),(777,'2024-07-01 18:00:46','삼천포항','13','27','0.002','0.044','0.014','0.2','26.5','88.2','1.5','111.3','1004.6','0.0'),(778,'2024-07-01 19:00:46','삼천포항','7','20','0.002','0.046','0.012','0.2','25.3','90.9','1.4','115.8','1005.6','0.0'),(779,'2024-07-01 20:00:46','삼천포항','10','17','0.002','0.040','0.016','0.2','24.0','94.8','2.1','102.6','1006.1','0.0'),(780,'2024-07-01 21:00:46','삼천포항','8','23','0.001','0.033','0.016','0.2','23.6','96.0','1.7','82.8','1006.8','0.0'),(781,'2024-07-01 22:00:46','삼천포항','11','22','0.001','0.031','0.014','0.2','23.5','96.6','1.8','78.0','1007.2','0.0'),(782,'2024-07-01 23:00:46','삼천포항','7','17','0.002','0.032','0.013','0.1','23.5','96.7','1.4','102.9','1007.6','0.0'),(783,'2024-07-01 01:00:07','회원동','10','19','0.003','0.020','0.008','0.2','23.5','95.9','0.8','221.7','998.8','0.0'),(784,'2024-07-01 02:00:07','회원동','10','23','0.003','0.019','0.009','0.2','23.5','96.6','0.6','190.1','999.0','0.0'),(785,'2024-07-01 03:00:07','회원동','16','23','0.004','0.017','0.010','0.2','23.3','97.1','0.1','357.6','998.9','0.0'),(786,'2024-07-01 04:00:07','회원동','13','30','0.003','0.018','0.008','0.2','23.2','96.9','0.5','263.4','999.1','0.0'),(787,'2024-07-01 05:00:07','회원동','17','22','0.004','0.017','0.008','0.2','22.9','97.4','0.4','262.2','999.0','0.0'),(788,'2024-07-01 06:00:07','회원동','21','35','0.004','0.014','0.010','0.2','23.0','97.2','0.4','252.0','999.5','0.0'),(789,'2024-07-01 07:00:07','회원동','20','26','0.004','0.009','0.017','0.3','24.6','93.7','0.1','254.6','999.9','0.0'),(790,'2024-07-01 08:00:07','회원동','21','32','0.004','0.015','0.014','0.3','25.5','88.2','0.2','80.3','1000.2','0.0'),(791,'2024-07-01 09:00:07','회원동','18','28','0.004','0.020','0.012','0.3','26.7','82.4','0.1','337.0','1000.1','0.0'),(792,'2024-07-01 10:00:07','회원동','19','24','0.004','0.021','0.013','0.3','27.5','78.4','0.3','30.5','1000.2','0.0'),(793,'2024-07-01 11:00:07','회원동','16','26','0.004','0.033','0.012','0.3','28.2','72.2','0.3','257.6','1000.5','0.0'),(794,'2024-07-01 12:00:07','회원동','20','27','0.004','0.041','0.011','0.3','29.5','71.1','0.4','176.0','1000.0','0.0'),(795,'2024-07-01 13:00:07','회원동','21','23','0.004','0.051','0.009','0.3','30.2','69.1','0.9','149.6','999.6','0.0'),(796,'2024-07-01 14:00:07','회원동','15','27','0.004','0.055','0.010','0.3','30.4','65.4','1.0','140.3','999.6','0.0'),(797,'2024-07-01 15:00:07','회원동','19','27','0.004','0.057','0.010','0.3','30.4','65.8','1.2','178.8','999.2','0.0'),(798,'2024-07-01 16:00:07','회원동','-','19','0.004','0.061','0.008','0.3','30.0','67.6','1.4','197.1','999.2','0.0'),(799,'2024-07-01 17:00:07','회원동','18','20','0.004','0.057','0.010','0.3','29.4','70.4','1.5','204.8','999.4','0.0'),(800,'2024-07-01 18:00:07','회원동','16','22','0.004','0.050','0.011','0.3','28.4','72.3','1.0','178.0','999.8','0.0'),(801,'2024-07-01 19:00:07','회원동','-','16','0.004','0.043','0.010','0.3','26.9','77.6','0.5','154.9','1000.8','0.0'),(802,'2024-07-01 20:00:07','회원동','9','14','0.004','0.038','0.010','0.3','25.6','82.2','1.0','175.5','1001.4','0.0'),(803,'2024-07-01 21:00:07','회원동','19','27','0.003','0.036','0.009','0.3','24.6','86.1','1.0','200.5','1002.2','0.0'),(804,'2024-07-01 22:00:07','회원동','19','26','0.003','0.036','0.008','0.3','24.1','88.4','0.3','170.1','1002.6','0.0'),(805,'2024-07-01 23:00:07','회원동','21','27','0.004','0.034','0.008','0.3','24.0','89.8','0.7','221.8','1003.3','0.0'),(806,'2024-07-01 01:00:31','봉암동','4','6','0.004','0.017','0.015','0.3','23.5','94.9','0.8','222.5','1000.4','0.0'),(807,'2024-07-01 02:00:31','봉암동','5','12','0.004','0.015','0.015','0.3','23.4','96.0','0.6','190.1','1000.5','0.0'),(808,'2024-07-01 03:00:31','봉암동','5','13','0.004','0.019','0.012','0.3','23.3','96.4','0.1','8.1','1000.6','0.0'),(809,'2024-07-01 04:00:31','봉암동','6','15','0.004','0.018','0.013','0.3','23.0','96.4','0.4','262.0','1000.7','0.0'),(810,'2024-07-01 05:00:31','봉암동','6','19','0.004','0.017','0.011','0.3','22.7','97.1','0.3','260.9','1000.6','0.0'),(811,'2024-07-01 06:00:31','봉암동','6','17','0.004','0.009','0.014','0.3','22.9','96.8','0.4','251.8','1001.0','0.0'),(812,'2024-07-01 07:00:31','봉암동','12','22','0.005','0.007','0.024','0.3','24.3','93.0','0.0','261.4','1001.5','0.0'),(813,'2024-07-01 08:00:31','봉암동','12','24','0.005','0.014','0.022','0.3','25.1','88.1','0.2','60.6','1001.8','0.0'),(814,'2024-07-01 09:00:31','봉암동','12','22','0.004','0.023','0.016','0.4','26.5','82.2','0.2','312.4','1001.7','0.0'),(815,'2024-07-01 10:00:31','봉암동','15','23','0.004','0.029','0.013','0.4','27.2','78.3','0.3','20.6','1001.8','0.0'),(816,'2024-07-01 11:00:31','봉암동','14','22','0.004','0.038','0.016','0.4','27.8','73.5','0.3','273.3','1002.0','0.0'),(817,'2024-07-01 12:00:31','봉암동','17','24','0.004','0.047','0.015','0.4','29.2','71.3','0.3','197.1','1001.6','0.0'),(818,'2024-07-01 13:00:31','봉암동','16','24','0.004','0.059','0.010','0.4','29.7','68.7','0.8','152.2','1001.2','0.0'),(819,'2024-07-01 14:00:31','봉암동','16','32','0.004','0.059','0.014','0.4','30.2','65.0','1.0','138.7','1001.2','0.0'),(820,'2024-07-01 15:00:31','봉암동','14','20','0.004','0.061','0.013','0.4','30.1','65.3','1.1','184.0','1000.7','0.0'),(821,'2024-07-01 16:00:31','봉암동','18','20','0.004','0.069','0.013','0.4','29.8','68.9','1.4','203.6','1000.7','0.0'),(822,'2024-07-01 17:00:32','봉암동','19','20','0.005','0.054','0.021','0.4','29.0','70.9','1.4','203.0','1000.9','0.0'),(823,'2024-07-01 18:00:32','봉암동','21','25','0.010','0.042','0.032','0.5','28.1','73.6','1.0','169.7','1001.3','0.0'),(824,'2024-07-01 19:00:32','봉암동','12','24','0.005','0.036','0.026','0.5','27.0','77.3','0.7','148.5','1002.4','0.0'),(825,'2024-07-01 20:00:32','봉암동','15','20','0.004','0.035','0.021','0.5','25.6','81.9','1.0','170.9','1002.9','0.0'),(826,'2024-07-01 21:00:32','봉암동','11','23','0.004','0.025','0.028','0.5','24.6','85.3','1.0','196.7','1003.7','0.0'),(827,'2024-07-01 22:00:32','봉암동','14','23','0.006','0.028','0.024','0.6','24.1','88.1','0.4','160.6','1004.2','0.0'),(828,'2024-07-01 23:00:32','봉암동','12','23','0.004','0.035','0.015','0.4','23.9','89.5','0.6','222.2','1004.9','0.0'),(829,'2024-07-01 01:00:52','내서읍','3','15','0.002','0.017','0.004','0.2','22.9','98.2','0.7','206.5','985.7','0.0'),(830,'2024-07-01 02:00:52','내서읍','6','13','0.002','0.016','0.003','0.1','22.8','98.0','0.4','196.3','985.8','0.0'),(831,'2024-07-01 03:00:52','내서읍','6','17','0.003','0.010','0.005','0.2','22.6','98.1','0.1','18.0','985.9','0.0'),(832,'2024-07-01 04:00:52','내서읍','5','16','0.003','0.007','0.006','0.2','22.5','98.4','0.5','260.1','986.1','0.0'),(833,'2024-07-01 05:00:52','내서읍','9','24','0.003','0.005','0.005','0.2','22.4','98.5','0.5','279.0','986.0','0.0'),(834,'2024-07-01 06:00:52','내서읍','7','29','0.002','0.007','0.005','0.3','22.4','98.8','0.4','225.7','986.4','0.0'),(835,'2024-07-01 07:00:52','내서읍','10','29','0.002','0.008','0.007','0.3','22.8','98.0','0.2','255.4','986.8','0.0'),(836,'2024-07-01 08:00:52','내서읍','21','25','0.002','0.013','0.009','0.3','24.0','95.9','0.3','121.5','987.3','0.0'),(837,'2024-07-01 09:00:52','내서읍','19','25','0.002','0.026','0.007','0.3','25.8','84.7','0.1','29.0','987.1','0.0'),(838,'2024-07-01 10:00:52','내서읍','12','17','0.002','0.027','0.005','0.3','26.8','78.7','0.1','298.2','987.3','0.0'),(839,'2024-07-01 11:00:52','내서읍','8','13','0.003','0.036','0.008','0.2','27.9','76.8','0.4','229.7','987.5','0.0'),(840,'2024-07-01 12:00:52','내서읍','6','13','0.002','0.043','0.004','0.2','29.1','72.0','0.7','154.3','987.1','0.0'),(841,'2024-07-01 13:00:52','내서읍','-','11','0.002','0.046','0.003','0.2','29.9','70.1','0.8','178.1','986.8','0.0'),(842,'2024-07-01 14:00:52','내서읍','9','11','0.002','0.048','0.003','0.2','30.0','69.0','0.9','173.7','986.7','0.0'),(843,'2024-07-01 15:00:52','내서읍','-','-','-','-','-','-','29.5','71.2','1.2','183.1','986.2','0.0'),(844,'2024-07-01 16:00:52','내서읍','-','-','-','-','-','-','28.8','74.8','1.3','178.3','986.3','0.0'),(845,'2024-07-01 17:00:52','내서읍','12','44','0.003','0.061','0.006','0.3','27.6','77.6','1.5','206.8','986.4','0.0'),(846,'2024-07-01 18:00:52','내서읍','7','23','0.003','0.060','0.005','0.3','27.3','80.7','1.2','198.5','986.9','0.0'),(847,'2024-07-01 19:00:52','내서읍','5','19','0.003','0.053','0.007','0.3','26.2','84.1','0.6','197.6','987.7','0.0'),(848,'2024-07-01 20:00:52','내서읍','15','15','0.003','0.047','0.005','0.2','24.6','90.8','0.9','175.1','988.3','0.0'),(849,'2024-07-01 21:00:52','내서읍','8','14','0.003','0.036','0.004','0.2','23.9','93.0','1.0','201.9','989.0','0.0'),(850,'2024-07-01 22:00:52','내서읍','6','18','0.003','0.028','0.006','0.2','23.5','94.8','0.4','189.5','989.5','0.0'),(851,'2024-07-01 23:00:52','내서읍','11','17','0.002','0.020','0.006','0.2','23.3','95.7','0.6','225.8','989.9','0.0'),(852,'2024-07-01 01:00:11','상봉동','-','7','0.002','0.020','0.005','0.1','24.2','94.1','1.1','230.3','998.8','0.0'),(853,'2024-07-01 02:00:11','상봉동','-','-','0.002','0.018','0.005','0.2','24.0','94.5','1.1','224.2','998.9','0.0'),(854,'2024-07-01 03:00:11','상봉동','-','5','0.002','0.020','0.004','0.2','23.9','94.6','0.8','199.9','998.8','0.0'),(855,'2024-07-01 04:00:11','상봉동','11','17','0.002','0.020','0.004','0.2','23.9','94.5','0.9','234.5','999.1','0.0'),(856,'2024-07-01 05:00:11','상봉동','10','22','0.002','0.023','0.004','0.2','23.5','95.4','0.2','226.5','999.1','0.0'),(857,'2024-07-01 06:00:11','상봉동','8','19','0.002','0.017','0.006','0.2','23.6','96.2','0.3','195.5','999.6','0.0'),(858,'2024-07-01 07:00:11','상봉동','10','22','0.002','0.018','0.007','0.2','24.8','91.9','0.1','170.5','999.8','0.0'),(859,'2024-07-01 08:00:11','상봉동','11','20','0.002','0.026','0.005','0.2','25.6','87.2','0.4','191.3','1000.1','0.0'),(860,'2024-07-01 09:00:11','상봉동','10','18','0.002','0.026','0.005','0.2','26.3','83.7','0.8','199.1','1000.3','0.0'),(861,'2024-07-01 10:00:11','상봉동','9','16','0.002','0.033','0.005','0.2','27.3','77.0','0.4','188.9','1000.4','0.0'),(862,'2024-07-01 11:00:11','상봉동','7','17','0.002','0.042','0.005','0.2','28.5','72.8','1.3','209.1','1000.5','0.0'),(863,'2024-07-01 12:00:11','상봉동','-','-','-','-','-','-','29.3','67.3','1.1','224.1','1000.1','0.0'),(864,'2024-07-01 13:00:11','상봉동','-','-','-','-','-','-','30.6','62.8','1.6','215.9','999.6','0.0'),(865,'2024-07-01 14:00:11','상봉동','6','10','0.002','0.063','0.004','0.2','31.0','64.0','1.6','168.7','999.4','0.0'),(866,'2024-07-01 15:00:11','상봉동','7','12','0.003','0.070','0.005','0.2','30.5','64.3','1.6','198.4','999.1','0.0'),(867,'2024-07-01 16:00:11','상봉동','8','20','0.005','0.075','0.007','0.5','29.5','69.4','1.8','204.4','999.2','0.0'),(868,'2024-07-01 17:00:11','상봉동','10','15','0.003','0.070','0.007','0.3','28.4','74.7','1.7','180.0','999.4','0.0'),(869,'2024-07-01 18:00:11','상봉동','12','15','0.003','0.057','0.006','0.2','28.3','73.2','1.7','204.8','999.7','0.0'),(870,'2024-07-01 19:00:11','상봉동','11','11','0.002','0.047','0.007','0.2','27.8','75.5','1.3','193.6','1000.6','0.0'),(871,'2024-07-01 20:00:11','상봉동','9','13','0.002','0.041','0.007','0.2','26.5','80.3','0.5','161.6','1001.1','0.0'),(872,'2024-07-01 21:00:11','상봉동','9','14','0.002','0.038','0.006','0.2','25.4','84.8','0.7','168.5','1001.8','0.0'),(873,'2024-07-01 22:00:11','상봉동','6','11','0.003','0.036','0.006','0.2','24.6','87.3','0.6','189.0','1002.3','0.0'),(874,'2024-07-01 23:00:11','상봉동','8','14','0.003','0.035','0.006','0.2','24.3','88.9','0.6','167.8','1002.9','0.0'),(875,'2024-07-01 01:00:25','대안동','8','12','0.002','0.020','0.005','0.2','24.2','94.2','1.1','230.1','998.7','0.0'),(876,'2024-07-01 02:00:25','대안동','12','15','0.002','0.020','0.005','0.2','24.0','94.5','1.2','221.9','998.8','0.0'),(877,'2024-07-01 03:00:25','대안동','12','15','0.002','0.021','0.005','0.2','23.9','94.6','0.8','198.5','998.8','0.0'),(878,'2024-07-01 04:00:25','대안동','12','17','0.002','0.021','0.005','0.2','23.9','94.5','0.9','234.5','999.0','0.0'),(879,'2024-07-01 05:00:25','대안동','12','18','0.002','0.021','0.006','0.2','23.5','95.4','0.2','224.7','999.0','0.0'),(880,'2024-07-01 06:00:25','대안동','15','18','0.002','0.016','0.009','0.3','23.6','96.2','0.4','195.7','999.5','0.0'),(881,'2024-07-01 07:00:25','대안동','19','19','0.002','0.018','0.009','0.2','24.8','91.9','0.2','170.2','999.8','0.0'),(882,'2024-07-01 08:00:25','대안동','13','22','0.002','0.023','0.009','0.3','25.6','87.2','0.4','189.4','1000.1','0.0'),(883,'2024-07-01 09:00:25','대안동','10','21','0.002','0.023','0.009','0.3','26.3','83.6','0.8','200.0','1000.2','0.0'),(884,'2024-07-01 10:00:25','대안동','14','25','0.002','0.030','0.009','0.3','27.3','77.1','0.4','194.3','1000.3','0.0'),(885,'2024-07-01 11:00:25','대안동','-','-','-','-','-','-','28.5','72.9','1.3','209.7','1000.4','0.0'),(886,'2024-07-01 12:00:25','대안동','19','21','0.002','0.049','0.011','0.3','29.3','67.3','1.1','224.7','1000.0','0.0'),(887,'2024-07-01 13:00:25','대안동','7','26','0.002','0.054','0.008','0.2','30.6','62.9','1.6','217.3','999.6','0.0'),(888,'2024-07-01 14:00:25','대안동','9','17','0.002','0.060','0.008','0.2','31.0','64.0','1.6','170.0','999.3','0.0'),(889,'2024-07-01 15:00:25','대안동','13','16','0.003','0.065','0.011','0.3','30.5','64.3','1.6','200.6','999.0','0.0'),(890,'2024-07-01 16:00:25','대안동','-','18','0.005','0.073','0.012','0.5','29.5','69.4','1.8','206.5','999.2','0.0'),(891,'2024-07-01 17:00:25','대안동','18','21','0.003','0.067','0.012','0.3','28.4','74.8','1.7','179.8','999.3','0.0'),(892,'2024-07-01 18:00:25','대안동','12','20','0.002','0.053','0.011','0.3','28.3','73.2','1.7','206.4','999.6','0.0'),(893,'2024-07-01 19:00:25','대안동','10','16','0.002','0.043','0.013','0.3','27.8','75.5','1.4','194.6','1000.5','0.0'),(894,'2024-07-01 20:00:25','대안동','11','16','0.002','0.040','0.010','0.3','26.5','80.3','0.5','164.2','1001.1','0.0'),(895,'2024-07-01 21:00:25','대안동','14','15','0.002','0.035','0.009','0.3','25.4','84.7','0.7','169.0','1001.7','0.0'),(896,'2024-07-01 22:00:25','대안동','-','13','0.002','0.033','0.009','0.3','24.6','87.3','0.6','188.8','1002.2','0.0'),(897,'2024-07-01 23:00:25','대안동','14','15','0.003','0.031','0.009','0.3','24.3','88.9','0.6','166.3','1002.8','0.0'),(898,'2024-07-01 01:00:45','상대동(진주)','6','10','0.003','0.018','0.019','0.2','24.3','93.6','1.1','225.9','999.3','0.0'),(899,'2024-07-01 02:00:45','상대동(진주)','6','12','0.002','0.018','0.018','0.2','24.1','94.2','1.4','208.9','999.4','0.0'),(900,'2024-07-01 03:00:45','상대동(진주)','9','14','0.003','0.017','0.020','0.2','24.0','94.2','0.9','188.5','999.3','0.0'),(901,'2024-07-01 04:00:45','상대동(진주)','9','20','0.002','0.018','0.020','0.3','24.0','94.1','1.0','234.2','999.6','0.0'),(902,'2024-07-01 05:00:45','상대동(진주)','15','22','0.002','0.019','0.020','0.3','23.7','94.8','0.5','218.6','999.6','0.0'),(903,'2024-07-01 06:00:45','상대동(진주)','17','24','0.002','0.014','0.026','0.3','23.7','95.5','0.6','195.0','1000.0','0.0'),(904,'2024-07-01 07:00:45','상대동(진주)','14','25','0.002','0.017','0.026','0.3','25.0','90.8','0.4','168.7','1000.3','0.0'),(905,'2024-07-01 08:00:45','상대동(진주)','12','20','0.002','0.018','0.029','0.4','25.8','86.8','0.6','182.3','1000.6','0.0'),(906,'2024-07-01 09:00:45','상대동(진주)','16','24','0.003','0.023','0.028','0.3','26.3','83.2','0.9','202.0','1000.8','0.0'),(907,'2024-07-01 10:00:45','상대동(진주)','13','22','0.003','0.031','0.024','0.4','27.3','77.4','0.4','232.7','1000.9','0.0'),(908,'2024-07-01 11:00:45','상대동(진주)','16','23','0.004','0.036','0.026','0.4','28.4','74.1','1.3','215.7','1001.0','0.0'),(909,'2024-07-01 12:00:45','상대동(진주)','16','23','0.003','0.052','0.021','0.4','29.3','68.2','1.1','226.5','1000.6','0.0'),(910,'2024-07-01 13:00:45','상대동(진주)','13','17','0.003','0.052','0.018','0.3','30.5','63.9','1.6','225.8','1000.1','0.0'),(911,'2024-07-01 14:00:45','상대동(진주)','8','16','0.003','0.056','0.020','0.3','31.0','65.0','1.5','177.4','999.9','0.0'),(912,'2024-07-01 15:00:45','상대동(진주)','17','23','0.003','0.061','0.022','0.4','30.5','64.5','1.6','210.0','999.6','0.0'),(913,'2024-07-01 16:00:45','상대동(진주)','23','30','0.006','0.069','0.024','0.7','29.5','70.2','1.8','213.4','999.7','0.0'),(914,'2024-07-01 17:00:45','상대동(진주)','27','33','0.004','0.065','0.023','0.3','28.3','75.9','1.8','184.3','999.9','0.0'),(915,'2024-07-01 18:00:45','상대동(진주)','19','24','0.003','0.051','0.023','0.3','28.5','73.2','1.9','210.3','1000.2','0.0'),(916,'2024-07-01 19:00:45','상대동(진주)','14','22','0.003','0.043','0.024','0.3','27.8','75.8','1.5','192.9','1001.1','0.0'),(917,'2024-07-01 20:00:45','상대동(진주)','15','20','0.003','0.036','0.024','0.3','26.6','80.1','0.9','168.0','1001.6','0.0'),(918,'2024-07-01 21:00:45','상대동(진주)','15','21','0.003','0.028','0.026','0.3','25.5','84.5','1.0','168.5','1002.3','0.0'),(919,'2024-07-01 22:00:45','상대동(진주)','19','26','0.004','0.025','0.026','0.3','24.6','87.7','0.8','184.5','1002.8','0.0'),(920,'2024-07-01 23:00:45','상대동(진주)','18','25','0.004','0.025','0.025','0.3','24.3','88.8','0.8','154.9','1003.4','0.0'),(921,'2024-07-01 01:00:00','정촌면','3','9','0.003','0.020','0.005','0.2','23.8','95.1','0.7','226.1','999.0','0.0'),(922,'2024-07-01 02:00:00','정촌면','5','9','0.003','0.020','0.005','0.2','23.7','95.3','0.9','214.7','999.0','0.0'),(923,'2024-07-01 03:00:00','정촌면','3','12','0.003','0.019','0.007','0.2','23.5','95.4','0.9','208.8','999.0','0.0'),(924,'2024-07-01 04:00:00','정촌면','7','14','0.004','0.018','0.008','0.3','23.6','95.2','0.9','239.7','999.2','0.0'),(925,'2024-07-01 05:00:00','정촌면','8','16','0.004','0.016','0.011','0.4','23.1','96.0','0.5','225.8','999.2','0.0'),(926,'2024-07-01 06:00:00','정촌면','9','17','0.004','0.011','0.016','0.4','23.3','96.5','0.4','203.5','999.7','0.0'),(927,'2024-07-01 07:00:00','정촌면','10','18','0.004','0.012','0.014','0.4','24.6','93.3','0.3','205.8','999.9','0.0'),(928,'2024-07-01 08:00:00','정촌면','12','23','0.004','0.020','0.012','0.4','25.2','89.2','0.5','206.3','1000.3','0.0'),(929,'2024-07-01 09:00:00','정촌면','9','22','0.005','0.028','0.010','0.4','25.9','85.6','0.5','222.7','1000.4','0.0'),(930,'2024-07-01 10:00:00','정촌면','8','23','0.005','0.031','0.012','0.4','26.8','78.9','0.4','244.5','1000.5','0.0'),(931,'2024-07-01 11:00:00','정촌면','12','20','0.004','0.039','0.009','0.3','28.0','75.6','1.0','230.3','1000.7','0.0'),(932,'2024-07-01 12:00:00','정촌면','10','20','0.004','0.053','0.006','0.3','28.9','69.9','0.7','233.2','1000.2','0.0'),(933,'2024-07-01 13:00:00','정촌면','7','14','0.003','0.052','0.006','0.2','30.0','66.4','1.3','220.6','999.8','0.0'),(934,'2024-07-01 14:00:00','정촌면','6','15','0.004','0.058','0.005','0.3','30.5','67.3','1.2','192.0','999.6','0.0'),(935,'2024-07-01 15:00:00','정촌면','7','13','0.005','0.063','0.007','0.4','30.0','67.7','1.1','205.6','999.3','0.0'),(936,'2024-07-01 16:00:00','정촌면','9','14','0.007','0.070','0.010','0.5','28.9','72.3','1.3','209.9','999.4','0.0'),(937,'2024-07-01 17:00:00','정촌면','12','14','0.004','0.065','0.007','0.3','28.0','76.6','1.3','201.9','999.5','0.0'),(938,'2024-07-01 18:00:00','정촌면','8','13','0.003','0.050','0.006','0.2','28.0','74.8','1.2','208.8','999.8','0.0'),(939,'2024-07-01 19:00:00','정촌면','6','14','0.004','0.043','0.008','0.2','27.2','77.2','1.0','196.9','1000.7','0.0'),(940,'2024-07-01 20:00:00','정촌면','7','14','0.003','0.037','0.009','0.2','25.8','82.3','0.5','180.2','1001.2','0.0'),(941,'2024-07-01 21:00:00','정촌면','7','14','0.004','0.033','0.008','0.3','24.6','86.3','0.6','175.5','1001.9','0.0'),(942,'2024-07-01 22:00:00','정촌면','8','15','0.003','0.030','0.006','0.3','24.0','88.3','0.5','174.7','1002.4','0.0'),(943,'2024-07-01 23:00:00','정촌면','11','16','0.003','0.024','0.006','0.3','23.8','89.8','0.5','145.4','1003.0','0.0'),(944,'2024-07-01 01:00:22','명서동','3','12','0.003','0.017','0.017','0.2','23.6','94.6','1.0','226.2','1000.3','0.0'),(945,'2024-07-01 02:00:22','명서동','5','14','0.003','0.019','0.017','0.2','23.5','95.7','0.6','219.5','1000.4','0.0'),(946,'2024-07-01 03:00:22','명서동','6','18','0.003','0.016','0.019','0.2','23.4','96.0','0.1','299.2','1000.5','0.0'),(947,'2024-07-01 04:00:22','명서동','6','18','0.003','0.015','0.018','0.2','23.1','96.0','0.5','269.5','1000.6','0.0'),(948,'2024-07-01 05:00:22','명서동','7','18','0.003','0.013','0.020','0.2','22.8','96.8','0.2','295.1','1000.5','0.0'),(949,'2024-07-01 06:00:22','명서동','8','21','0.002','0.011','0.020','0.2','22.9','96.8','0.6','246.8','1000.9','0.0'),(950,'2024-07-01 07:00:22','명서동','8','23','0.003','0.010','0.025','0.3','24.5','93.1','0.2','268.3','1001.4','0.0'),(951,'2024-07-01 08:00:22','명서동','8','22','0.003','0.014','0.027','0.5','25.4','87.3','0.4','299.7','1001.7','0.0'),(952,'2024-07-01 09:00:22','명서동','11','25','0.003','0.020','0.026','0.4','26.7','82.0','0.5','288.8','1001.6','0.0'),(953,'2024-07-01 10:00:22','명서동','13','23','0.003','0.027','0.022','0.3','27.1','77.6','0.5','297.6','1001.7','0.0'),(954,'2024-07-01 11:00:22','명서동','11','20','0.003','0.038','0.019','0.3','27.9','72.8','0.7','268.0','1001.9','0.0'),(955,'2024-07-01 12:00:22','명서동','8','20','0.003','0.045','0.018','0.3','29.3','70.2','0.5','275.0','1001.5','0.0'),(956,'2024-07-01 13:00:22','명서동','13','22','0.003','0.051','0.020','0.3','29.9','67.4','0.7','224.5','1001.1','0.0'),(957,'2024-07-01 14:00:22','명서동','13','27','0.003','0.056','0.019','0.3','30.4','63.5','0.8','184.4','1001.0','0.0'),(958,'2024-07-01 15:00:22','명서동','15','27','0.003','0.053','0.022','0.3','30.4','64.3','1.3','213.7','1000.6','0.0'),(959,'2024-07-01 16:00:22','명서동','16','26','0.003','0.053','0.023','0.4','29.9','67.6','1.7','222.0','1000.5','0.0'),(960,'2024-07-01 17:00:22','명서동','14','25','0.003','0.055','0.021','0.4','29.2','69.7','1.5','210.6','1000.8','0.0'),(961,'2024-07-01 18:00:22','명서동','13','24','0.004','0.053','0.021','0.3','28.2','72.5','1.0','175.0','1001.2','0.0'),(962,'2024-07-01 19:00:22','명서동','12','22','0.003','0.045','0.019','0.3','27.1','76.1','0.9','174.2','1002.2','0.0'),(963,'2024-07-01 20:00:22','명서동','12','19','0.002','0.041','0.018','0.3','25.8','80.9','1.0','177.9','1002.8','0.0'),(964,'2024-07-01 21:00:22','명서동','11','19','0.003','0.036','0.018','0.3','24.9','84.3','0.9','196.0','1003.6','0.0'),(965,'2024-07-01 22:00:22','명서동','9','19','0.003','0.036','0.016','0.3','24.3','87.2','0.5','182.5','1004.1','0.0'),(966,'2024-07-01 23:00:22','명서동','11','19','0.003','0.036','0.015','0.3','24.0','89.0','0.6','249.3','1004.8','0.0'),(967,'2024-07-01 01:00:34','웅남동','5','8','0.003','0.021','0.017','0.2','23.5','95.0','0.5','215.2','1000.3','0.0'),(968,'2024-07-01 02:00:34','웅남동','7','10','0.003','0.021','0.016','0.3','23.4','95.9','0.5','182.6','1000.4','0.0'),(969,'2024-07-01 03:00:34','웅남동','8','10','0.003','0.021','0.016','0.3','23.3','96.2','0.1','99.7','1000.5','0.0'),(970,'2024-07-01 04:00:34','웅남동','11','16','0.003','0.019','0.018','0.2','22.9','96.2','0.1','236.3','1000.6','0.0'),(971,'2024-07-01 05:00:34','웅남동','9','16','0.003','0.017','0.018','0.2','22.8','96.9','0.1','80.6','1000.4','0.0'),(972,'2024-07-01 06:00:34','웅남동','10','16','0.003','0.011','0.023','0.3','22.8','97.0','0.3','224.3','1000.9','0.0'),(973,'2024-07-01 07:00:34','웅남동','12','17','0.003','0.012','0.025','0.4','24.3','93.7','0.0','61.4','1001.4','0.0'),(974,'2024-07-01 08:00:34','웅남동','13','16','0.003','0.014','0.028','0.5','25.2','88.0','0.1','12.7','1001.7','0.0'),(975,'2024-07-01 09:00:34','웅남동','17','21','0.003','0.023','0.027','0.4','26.6','82.2','0.3','297.3','1001.6','0.0'),(976,'2024-07-01 10:00:34','웅남동','15','17','0.003','0.032','0.023','0.3','27.1','78.0','0.3','326.1','1001.7','0.0'),(977,'2024-07-01 11:00:34','웅남동','12','18','0.003','0.041','0.022','0.3','27.8','73.6','0.5','287.8','1001.9','0.0'),(978,'2024-07-01 12:00:34','웅남동','14','15','0.003','0.047','0.023','0.3','29.1','71.4','0.3','291.5','1001.5','0.0'),(979,'2024-07-01 13:00:34','웅남동','14','23','0.003','0.057','0.020','0.4','29.8','68.5','0.6','183.0','1001.1','0.0'),(980,'2024-07-01 14:00:34','웅남동','16','21','0.003','0.062','0.022','0.3','30.2','64.7','1.0','146.9','1001.1','0.0'),(981,'2024-07-01 15:00:34','웅남동','18','23','0.003','0.059','0.019','0.3','30.1','65.4','1.3','199.7','1000.6','0.0'),(982,'2024-07-01 16:00:34','웅남동','18','18','0.003','0.060','0.024','0.3','29.7','68.0','1.6','212.4','1000.6','0.0'),(983,'2024-07-01 17:00:34','웅남동','18','20','0.003','0.064','0.021','0.3','28.9','70.6','1.4','198.7','1000.8','0.0'),(984,'2024-07-01 18:00:34','웅남동','-','16','0.003','0.060','0.018','0.3','27.9','73.2','0.9','153.8','1001.2','0.0'),(985,'2024-07-01 19:00:34','웅남동','14','15','0.003','0.052','0.018','0.3','26.9','76.7','1.0','144.6','1002.2','0.0'),(986,'2024-07-01 20:00:34','웅남동','14','17','0.003','0.043','0.023','0.3','25.6','81.6','1.1','153.2','1002.8','0.0'),(987,'2024-07-01 21:00:34','웅남동','14','18','0.003','0.036','0.023','0.3','24.7','85.2','0.7','180.2','1003.6','0.0'),(988,'2024-07-01 22:00:34','웅남동','15','17','0.003','0.033','0.025','0.3','24.1','87.9','0.5','138.6','1004.1','0.0'),(989,'2024-07-01 23:00:34','웅남동','14','16','0.003','0.037','0.019','0.3','23.9','89.4','0.5','224.8','1004.8','0.0'),(990,'2024-07-01 01:00:56','성주동','6','11','0.002','0.026','0.017','0.2','23.4','97.9','0.5','205.3','994.7','0.0'),(991,'2024-07-01 02:00:56','성주동','5','10','0.002','0.026','0.018','0.2','23.1','97.9','0.7','158.4','994.8','0.0'),(992,'2024-07-01 03:00:56','성주동','10','12','0.002','0.023','0.019','0.2','23.2','98.2','0.1','117.8','994.9','0.0'),(993,'2024-07-01 04:00:56','성주동','10','15','0.002','0.024','0.018','0.2','23.2','98.2','0.2','163.1','995.0','0.0'),(994,'2024-07-01 05:00:56','성주동','11','16','0.002','0.021','0.018','0.2','23.1','98.2','0.4','92.5','994.9','0.0'),(995,'2024-07-01 06:00:56','성주동','13','17','0.003','0.012','0.026','0.3','23.0','98.3','0.2','198.4','995.4','0.0'),(996,'2024-07-01 07:00:56','성주동','13','21','0.002','0.009','0.031','0.4','24.3','97.4','0.3','71.6','995.8','0.0'),(997,'2024-07-01 08:00:56','성주동','13','21','0.003','0.018','0.029','0.5','25.4','89.3','0.2','58.5','996.2','0.0'),(998,'2024-07-01 09:00:56','성주동','13','20','0.003','0.026','0.025','0.3','26.5','85.0','0.0','304.7','996.0','0.0'),(999,'2024-07-01 10:00:56','성주동','13','19','0.002','0.037','0.023','0.3','27.3','79.6','0.3','71.9','996.2','0.0'),(1000,'2024-07-01 11:00:56','성주동','12','18','0.002','0.045','0.022','0.3','28.8','72.8','0.2','349.4','996.4','0.0'),(1001,'2024-07-01 12:00:56','성주동','15','21','0.002','0.046','0.025','0.3','29.4','70.0','0.3','26.2','996.0','0.0'),(1002,'2024-07-01 13:00:56','성주동','18','24','0.003','0.063','0.023','0.3','30.7','68.3','0.4','154.3','995.7','0.0'),(1003,'2024-07-01 14:00:56','성주동','20','25','0.003','0.069','0.023','0.3','30.8','65.4','0.6','129.8','995.6','0.0'),(1004,'2024-07-01 15:00:56','성주동','18','22','0.002','0.063','0.022','0.3','30.4','68.7','1.0','192.3','995.1','0.0'),(1005,'2024-07-01 16:00:56','성주동','11','20','0.003','0.062','0.022','0.3','29.8','67.7','1.3','212.8','995.1','0.0'),(1006,'2024-07-01 17:00:56','성주동','14','19','0.003','0.067','0.022','0.3','29.1','71.0','1.2','189.4','995.4','0.0'),(1007,'2024-07-01 18:00:56','성주동','18','22','0.002','0.059','0.022','0.3','28.4','72.1','0.9','170.1','995.8','0.0'),(1008,'2024-07-01 19:00:56','성주동','13','17','0.003','0.049','0.021','0.3','26.8','77.6','0.9','163.6','996.7','0.0'),(1009,'2024-07-01 20:00:56','성주동','11','17','0.002','0.043','0.021','0.3','25.4','82.8','0.9','167.2','997.3','0.0'),(1010,'2024-07-01 21:00:56','성주동','12','15','0.003','0.042','0.020','0.3','24.5','87.4','0.7','167.4','998.1','0.0'),(1011,'2024-07-01 22:00:56','성주동','12','16','0.002','0.043','0.020','0.3','24.2','88.8','0.6','137.8','998.6','0.0'),(1012,'2024-07-01 23:00:56','성주동','15','16','0.002','0.041','0.019','0.3','24.0','90.5','0.6','235.8','999.1','0.0'),(1013,'2024-07-01 01:00:09','용지동','0','6','0.003','0.022','0.007','0.4','23.6','96.7','0.8','215.8','998.1','0.0'),(1014,'2024-07-01 02:00:09','용지동','4','13','0.003','0.023','0.006','0.4','23.5','97.2','0.6','198.9','998.2','0.0'),(1015,'2024-07-01 03:00:09','용지동','7','13','0.003','0.020','0.007','0.4','23.5','97.3','0.0','55.0','998.3','0.0'),(1016,'2024-07-01 04:00:09','용지동','10','20','0.003','0.020','0.008','0.4','23.3','97.4','0.1','270.4','998.4','0.0'),(1017,'2024-07-01 05:00:09','용지동','8','21','0.003','0.019','0.007','0.5','23.1','97.7','0.2','55.9','998.2','0.0'),(1018,'2024-07-01 06:00:09','용지동','13','18','0.003','0.015','0.009','0.5','23.1','97.9','0.4','221.3','998.7','0.0'),(1019,'2024-07-01 07:00:09','용지동','10','21','0.003','0.013','0.011','0.6','24.8','95.5','0.0','44.1','999.2','0.0'),(1020,'2024-07-01 08:00:09','용지동','17','30','0.003','0.023','0.011','0.6','25.8','87.0','0.4','316.4','999.5','0.0'),(1021,'2024-07-01 09:00:09','용지동','16','30','0.003','0.028','0.012','0.7','27.0','82.7','0.5','294.0','999.4','0.0'),(1022,'2024-07-01 10:00:09','용지동','16','26','0.003','0.029','0.014','0.6','27.5','78.1','0.6','296.6','999.5','0.0'),(1023,'2024-07-01 11:00:09','용지동','16','-','-','-','-','-','28.6','71.6','0.7','278.1','999.7','0.0'),(1024,'2024-07-01 12:00:09','용지동','13','16','-','-','-','-','29.5','69.7','0.6','299.4','999.3','0.0'),(1025,'2024-07-01 13:00:09','용지동','12','28','0.003','0.057','0.010','0.4','30.8','66.8','0.7','229.8','998.9','0.0'),(1026,'2024-07-01 14:00:09','용지동','19','28','0.003','0.066','0.009','0.5','30.9','63.1','0.8','175.0','998.9','0.0'),(1027,'2024-07-01 15:00:09','용지동','14','21','0.003','0.065','0.009','0.5','30.8','65.2','1.6','211.1','998.4','0.0'),(1028,'2024-07-01 16:00:09','용지동','13','24','0.003','0.059','0.009','0.5','30.0','65.7','1.9','218.8','998.4','0.0'),(1029,'2024-07-01 17:00:09','용지동','9','25','0.003','0.062','0.008','0.5','29.6','69.3','1.5','205.2','998.7','0.0'),(1030,'2024-07-01 18:00:09','용지동','15','26','0.003','0.057','0.010','0.5','28.5','71.2','1.1','166.8','999.1','0.0'),(1031,'2024-07-01 19:00:09','용지동','12','19','0.003','0.047','0.009','0.5','27.1','76.4','1.1','162.9','1000.1','0.0'),(1032,'2024-07-01 20:00:09','용지동','10','17','0.003','0.044','0.009','0.5','25.8','81.5','1.1','162.1','1000.7','0.0'),(1033,'2024-07-01 21:00:09','용지동','10','18','0.003','0.040','0.009','0.5','24.9','85.8','0.9','182.9','1001.5','0.0'),(1034,'2024-07-01 22:00:09','용지동','14','25','0.003','0.041','0.008','0.5','24.4','87.9','0.6','159.7','1002.0','0.0'),(1035,'2024-07-01 23:00:09','용지동','11','17','0.003','0.041','0.007','0.5','24.0','89.9','0.5','254.5','1002.6','0.0'),(1036,'2024-07-01 01:00:29','반송로','3','11','0.002','0.019','0.007','0.2','23.6','95.5','0.7','219.7','999.4','0.0'),(1037,'2024-07-01 02:00:29','반송로','3','14','0.003','0.020','0.006','0.2','23.5','96.3','0.5','206.3','999.6','0.0'),(1038,'2024-07-01 03:00:29','반송로','5','16','0.003','0.017','0.006','0.2','23.4','96.5','0.0','61.4','999.6','0.0'),(1039,'2024-07-01 04:00:29','반송로','6','17','0.002','0.017','0.007','0.2','23.1','96.6','0.2','266.0','999.8','0.0'),(1040,'2024-07-01 05:00:29','반송로','5','21','0.003','0.014','0.008','0.2','22.9','97.2','0.1','28.8','999.6','0.0'),(1041,'2024-07-01 06:00:29','반송로','13','19','0.003','0.009','0.011','0.2','22.9','97.3','0.4','230.1','1000.1','0.0'),(1042,'2024-07-01 07:00:29','반송로','12','25','0.003','0.006','0.018','0.4','24.5','94.1','0.0','292.0','1000.6','0.0'),(1043,'2024-07-01 08:00:29','반송로','16','90','0.003','0.015','0.017','0.4','25.5','87.4','0.4','312.4','1000.8','0.0'),(1044,'2024-07-01 09:00:29','반송로','-','-','-','-','-','-','26.8','82.3','0.5','292.9','1000.7','0.0'),(1045,'2024-07-01 10:00:29','반송로','-','-','-','-','-','-','27.2','77.9','0.6','297.2','1000.9','0.0'),(1046,'2024-07-01 11:00:29','반송로','11','25','0.003','0.037','0.011','0.3','28.2','72.5','0.7','276.5','1001.1','0.0'),(1047,'2024-07-01 12:00:30','반송로','7','21','0.003','0.049','0.009','0.3','29.4','70.4','0.6','289.6','1000.6','0.0'),(1048,'2024-07-01 13:00:30','반송로','9','26','0.003','0.055','0.012','0.3','30.1','67.5','0.7','221.5','1000.3','0.0'),(1049,'2024-07-01 14:00:30','반송로','13','27','0.003','0.065','0.009','0.3','30.5','63.7','0.9','171.7','1000.2','0.0'),(1050,'2024-07-01 15:00:30','반송로','12','29','0.003','0.065','0.007','0.3','30.4','64.8','1.5','211.2','999.7','0.0'),(1051,'2024-07-01 16:00:30','반송로','11','27','0.003','0.064','0.006','0.3','29.9','66.7','1.8','218.6','999.7','0.0'),(1052,'2024-07-01 17:00:30','반송로','13','27','0.003','0.067','0.007','0.3','29.3','69.6','1.5','205.7','1000.0','0.0'),(1053,'2024-07-01 18:00:30','반송로','15','27','0.003','0.062','0.009','0.3','28.2','72.0','1.0','162.9','1000.4','0.0'),(1054,'2024-07-01 19:00:30','반송로','11','21','0.003','0.046','0.013','0.3','27.0','76.2','1.0','158.4','1001.4','0.0'),(1055,'2024-07-01 20:00:30','반송로','8','21','0.003','0.044','0.011','0.3','25.8','81.2','1.1','160.7','1002.0','0.0'),(1056,'2024-07-01 21:00:30','반송로','7','22','0.003','0.039','0.010','0.3','24.8','85.1','0.8','185.8','1002.8','0.0'),(1057,'2024-07-01 22:00:30','반송로','10','20','0.003','0.040','0.009','0.3','24.3','87.7','0.5','159.4','1003.3','0.0'),(1058,'2024-07-01 23:00:30','반송로','11','23','0.003','0.037','0.009','0.3','23.9','89.4','0.5','245.9','1003.9','0.0'),(1059,'2024-07-01 01:00:02','사파동','10','11','0.002','0.020','0.007','0.1','23.6','98.1','0.7','212.2','995.8','0.0'),(1060,'2024-07-01 02:00:02','사파동','-','7','0.002','0.021','0.006','0.1','23.4','98.1','0.6','177.7','995.9','0.0'),(1061,'2024-07-01 03:00:02','사파동','7','11','0.002','0.019','0.007','0.2','23.4','98.3','0.1','84.6','996.0','0.0'),(1062,'2024-07-01 04:00:02','사파동','8','13','0.002','0.018','0.007','0.2','23.4','98.3','0.0','205.3','996.1','0.0'),(1063,'2024-07-01 05:00:02','사파동','8','13','0.002','0.017','0.007','0.2','23.3','98.3','0.3','77.5','996.0','0.0'),(1064,'2024-07-01 06:00:02','사파동','-','13','0.002','0.010','0.008','0.2','23.2','98.5','0.3','209.0','996.5','0.0'),(1065,'2024-07-01 07:00:02','사파동','13','17','0.002','0.007','0.010','0.3','24.7','97.2','0.2','69.1','996.9','0.0'),(1066,'2024-07-01 08:00:02','사파동','19','19','0.002','0.019','0.009','0.4','25.8','87.6','0.2','344.3','997.2','0.0'),(1067,'2024-07-01 09:00:02','사파동','17','21','0.002','0.025','0.010','0.4','26.8','84.0','0.3','297.2','997.1','0.0'),(1068,'2024-07-01 10:00:02','사파동','12','20','0.002','0.029','0.011','0.3','27.6','79.0','0.2','319.1','997.3','0.0'),(1069,'2024-07-01 11:00:02','사파동','9','19','0.002','0.037','0.010','0.3','29.0','71.6','0.4','291.3','997.5','0.0'),(1070,'2024-07-01 12:00:02','사파동','8','17','0.002','0.046','0.010','0.2','29.5','69.3','0.4','322.5','997.0','0.0'),(1071,'2024-07-01 13:00:02','사파동','-','15','0.002','0.056','0.010','0.3','31.2','66.8','0.5','209.3','996.7','0.0'),(1072,'2024-07-01 14:00:02','사파동','16','18','0.002','0.063','0.010','0.3','31.2','63.6','0.7','159.0','996.6','0.0'),(1073,'2024-07-01 15:00:02','사파동','15','21','0.002','0.059','0.009','0.3','30.9','67.1','1.3','205.7','996.1','0.0'),(1074,'2024-07-01 16:00:02','사파동','10','17','0.002','0.056','0.008','0.3','30.0','66.4','1.7','216.7','996.1','0.0'),(1075,'2024-07-01 17:00:02','사파동','16','18','0.003','0.063','0.008','0.3','29.5','70.0','1.3','200.3','996.5','0.0'),(1076,'2024-07-01 18:00:02','사파동','13','17','0.003','0.055','0.009','0.3','28.7','71.4','1.0','170.0','996.9','0.0'),(1077,'2024-07-01 19:00:02','사파동','-','13','0.002','0.046','0.008','0.2','27.1','77.2','1.0','164.4','997.8','0.0'),(1078,'2024-07-01 20:00:02','사파동','11','12','0.002','0.041','0.008','0.2','25.7','82.3','1.0','164.9','998.4','0.0'),(1079,'2024-07-01 21:00:02','사파동','-','12','0.002','0.038','0.008','0.2','24.7','86.8','0.8','177.0','999.2','0.0'),(1080,'2024-07-01 22:00:02','사파동','-','12','0.002','0.039','0.007','0.2','24.4','88.3','0.6','150.2','999.7','0.0'),(1081,'2024-07-01 23:00:02','사파동','-','11','0.002','0.038','0.006','0.2','24.1','90.6','0.6','248.9','1000.3','0.0');
/*!40000 ALTER TABLE `air_data` ENABLE KEYS */;
UNLOCK TABLES;

--
-- Table structure for table `air_predict`
--

DROP TABLE IF EXISTS `air_predict`;
/*!40101 SET @saved_cs_client     = @@character_set_client */;
/*!50503 SET character_set_client = utf8mb4 */;
CREATE TABLE `air_predict` (
  `seq` int NOT NULL AUTO_INCREMENT,
  `region_id` int NOT NULL,
  `predict_time` datetime NOT NULL DEFAULT CURRENT_TIMESTAMP,
  `pm25` varchar(50) NOT NULL,
  `pm10` varchar(50) NOT NULL,
  `o3` varchar(50) NOT NULL,
  `so2` varchar(50) NOT NULL,
  `no2` varchar(50) NOT NULL,
  `co` varchar(50) NOT NULL,
  PRIMARY KEY (`seq`)
) ENGINE=InnoDB AUTO_INCREMENT=189 DEFAULT CHARSET=utf8mb4 COLLATE=utf8mb4_0900_ai_ci;
/*!40101 SET character_set_client = @saved_cs_client */;

--
-- Dumping data for table `air_predict`
--

LOCK TABLES `air_predict` WRITE;
/*!40000 ALTER TABLE `air_predict` DISABLE KEYS */;
INSERT INTO `air_predict` VALUES (1,13,'2024-07-01 02:00:00','11.974607467651367','19.126262664794922','0.014533119276165962','0.2756052613258362','0.023702438920736313','0.003817032091319561'),(2,13,'2024-07-01 03:00:00','11.789006233215332','19.12618637084961','0.014533130452036858','0.2755994498729706','0.023703353479504585','0.0038170511834323406'),(3,13,'2024-07-01 04:00:00','11.821718215942383','18.904891967773438','0.013505112379789352','0.2741425931453705','0.023613739758729935','0.0038615537341684103'),(4,47,'2024-07-01 02:00:00','11.484170913696289','19.973506927490234','0.017473362386226654','0.29735222458839417','0.02435287833213806','0.0038809948600828648'),(5,47,'2024-07-01 03:00:00','11.306004524230957','19.973785400390625','0.01747354306280613','0.29735347628593445','0.024353494867682457','0.0038810311816632748'),(6,47,'2024-07-01 04:00:00','11.283088684082031','19.630685806274414','0.0169048048555851','0.29606786370277405','0.02407011017203331','0.003906766418367624'),(7,37,'2024-07-01 02:00:00','11.542160034179688','20.162006378173828','0.017718985676765442','0.30174168944358826','0.024325348436832428','0.003886518534272909'),(8,37,'2024-07-01 03:00:00','11.363296508789062','20.16214942932129','0.01771894283592701','0.30174195766448975','0.024325618520379066','0.0038865325041115284'),(9,37,'2024-07-01 04:00:00','11.357884407043457','19.850326538085938','0.01699426770210266','0.29937002062797546','0.02405557781457901','0.003882031887769699'),(10,18,'2024-07-01 02:00:00','11.590553283691406','20.1522216796875','0.017971398308873177','0.30339881777763367','0.02433951571583748','0.003887406550347805'),(11,18,'2024-07-01 03:00:00','11.411077499389648','20.15228271484375','0.017971597611904144','0.3034019470214844','0.02433989942073822','0.003887404687702656'),(12,18,'2024-07-01 04:00:00','11.419724464416504','19.876615524291992','0.01726277358829975','0.30081596970558167','0.024068892002105713','0.0038821978960186243'),(13,31,'2024-07-01 02:00:00','11.605835914611816','20.118148803710938','0.01803295873105526','0.30394354462623596','0.02434871718287468','0.003888108767569065'),(14,31,'2024-07-01 03:00:00','11.426398277282715','20.11823272705078','0.018033158034086227','0.3039422929286957','0.02434905618429184','0.0038881064392626286'),(15,31,'2024-07-01 04:00:00','11.441781997680664','19.86576271057129','0.01730775088071823','0.3012774586677551','0.024075986817479134','0.0038849133998155594'),(16,40,'2024-07-01 02:00:00','11.608402252197266','20.09125328063965','0.018074285238981247','0.30418720841407776','0.02435339242219925','0.003888471517711878'),(17,40,'2024-07-01 03:00:00','11.428916931152344','20.09127426147461','0.018074607476592064','0.3041890263557434','0.024353578686714172','0.0038884736131876707'),(18,40,'2024-07-01 04:00:00','11.447450637817383','19.852741241455078','0.017345603555440903','0.30149322748184204','0.024079006165266037','0.0038864407688379288'),(19,17,'2024-07-01 02:00:00','11.607643127441406','20.073043823242188','0.018093407154083252','0.3043043911457062','0.02435602992773056','0.003888681996613741'),(20,17,'2024-07-01 03:00:00','11.428152084350586','20.073036193847656','0.018093550577759743','0.30430343747138977','0.024356111884117126','0.0038886768743395805'),(21,17,'2024-07-01 04:00:00','11.448225975036621','19.84296989440918','0.017360731959342957','0.3015935719013214','0.02408037707209587','0.0038871774449944496'),(22,6,'2024-07-01 02:00:00','11.606321334838867','20.061023712158203','0.018105946481227875','0.3043701946735382','0.02435743249952793','0.003888792125508189'),(23,6,'2024-07-01 03:00:00','11.426855087280273','20.061023712158203','0.018105877563357353','0.30437159538269043','0.024357490241527557','0.003888798411935568'),(24,6,'2024-07-01 04:00:00','11.447729110717773','19.836246490478516','0.017371054738759995','0.30164024233818054','0.024080999195575714','0.0038875285536050797'),(25,25,'2024-07-01 02:00:00','11.605202674865723','20.0533447265625','0.01811302825808525','0.3044070601463318','0.02435833215713501','0.003888847306370735'),(26,25,'2024-07-01 03:00:00','11.425725936889648','20.053401947021484','0.018112996593117714','0.30440738797187805','0.024358456954360008','0.0038888517301529646'),(27,25,'2024-07-01 04:00:00','11.447050094604492','19.83197593688965','0.01737676002085209','0.30166953802108765','0.024081667885184288','0.0038876920007169247'),(28,24,'2024-07-01 02:00:00','11.604388236999512','20.048126220703125','0.018117669969797134','0.3044278025627136','0.024359121918678284','0.003888898529112339'),(29,24,'2024-07-01 03:00:00','11.425355911254883','20.04813575744629','0.018117675557732582','0.3044278025627136','0.024359211325645447','0.0038888936396688223'),(30,24,'2024-07-01 04:00:00','11.446915626525879','19.828996658325195','0.017380082979798317','0.30168864130973816','0.024081703275442123','0.003887784667313099'),(31,5,'2024-07-01 02:00:00','11.603815078735352','20.044355392456055','0.018120886757969856','0.3044453561306','0.024359360337257385','0.0038889157585799694'),(32,5,'2024-07-01 03:00:00','11.425241470336914','20.044368743896484','0.018120892345905304','0.3044453561306','0.02435942366719246','0.003888915292918682'),(33,5,'2024-07-01 04:00:00','11.44693374633789','19.82680892944336','0.017382560297846794','0.3017030358314514','0.024081870913505554','0.0038878358900547028'),(34,10,'2024-07-01 02:00:00','11.60341739654541','20.042049407958984','0.018122827634215355','0.304454505443573','0.02435949444770813','0.0038889371789991856'),(35,10,'2024-07-01 03:00:00','11.424884796142578','20.042102813720703','0.01812281645834446','0.3044549822807312','0.024359583854675293','0.003888934850692749'),(36,10,'2024-07-01 04:00:00','11.446660995483398','19.825572967529297','0.017384495586156845','0.30171138048171997','0.024081885814666748','0.0038878684863448143'),(37,14,'2024-07-01 02:00:00','11.603261947631836','20.04029083251953','0.018124353140592575','0.3044632077217102','0.024359729140996933','0.0038889427669346333'),(38,14,'2024-07-01 03:00:00','11.424323081970215','20.040298461914062','0.018124159425497055','0.3044632077217102','0.02435976080596447','0.003888940904289484'),(39,14,'2024-07-01 04:00:00','11.44616413116455','19.824594497680664','0.01738577149808407','0.3017156720161438','0.02408190816640854','0.0038878838531672955'),(40,23,'2024-07-01 02:00:00','11.64132022857666','20.038883209228516','0.018125198781490326','0.3044680058956146','0.024359814822673798','0.0038889548741281033'),(41,23,'2024-07-01 03:00:00','11.42392349243164','20.038862228393555','0.018125560134649277','0.3044682741165161','0.02436002343893051','0.0038889567367732525'),(42,23,'2024-07-01 04:00:00','11.445802688598633','19.823749542236328','0.017386412248015404','0.301720529794693','0.024082001298666','0.003887900384142995'),(43,2,'2024-07-01 02:00:00','11.630646705627441','20.03804588317871','0.018126025795936584','0.30447179079055786','0.024359896779060364','0.0038889595307409763'),(44,2,'2024-07-01 03:00:00','11.423544883728027','20.038028717041016','0.018126200884580612','0.30447179079055786','0.024360088631510735','0.003888957668095827'),(45,2,'2024-07-01 04:00:00','11.445450782775879','19.82333755493164','0.01738770119845867','0.30172374844551086','0.02408204972743988','0.0038879166822880507'),(46,4,'2024-07-01 02:00:00','11.612276077270508','20.037290573120117','0.018126554787158966','0.3044740855693817','0.02435995638370514','0.0038889646530151367'),(47,4,'2024-07-01 03:00:00','11.42347526550293','20.0373592376709','0.0181267112493515','0.3044731318950653','0.02436015009880066','0.0038889595307409763'),(48,4,'2024-07-01 04:00:00','11.445405006408691','19.823009490966797','0.017388204112648964','0.3017239570617676','0.024082133546471596','0.003887923900038004'),(49,26,'2024-07-01 02:00:00','11.608175277709961','20.036651611328125','0.018126966431736946','0.30447646975517273','0.024359937757253647','0.0038889674469828606'),(50,26,'2024-07-01 03:00:00','11.423404693603516','20.036792755126953','0.01812737062573433','0.3044753968715668','0.024360133334994316','0.003888963721692562'),(51,26,'2024-07-01 04:00:00','11.445343017578125','19.82271385192871','0.017388608306646347','0.3017250895500183','0.024082165211439133','0.0038879327476024628'),(52,32,'2024-07-01 02:00:00','11.606321334838867','20.036197662353516','0.018127309158444405','0.3044778108596802','0.024359969422221184','0.0038889695424586535'),(53,32,'2024-07-01 03:00:00','11.423272132873535','20.036235809326172','0.018127501010894775','0.3044767379760742','0.024360209703445435','0.0038889627903699875'),(54,32,'2024-07-01 04:00:00','11.445215225219727','19.822391510009766','0.01738888956606388','0.3017263412475586','0.024082105606794357','0.0038879362400621176'),(55,36,'2024-07-01 02:00:00','11.605476379394531','20.03595733642578','0.01812756434082985','0.30447834730148315','0.02435995638370514','0.003888963721692562'),(56,36,'2024-07-01 03:00:00','11.423258781433105','20.035968780517578','0.018127793446183205','0.30447787046432495','0.024360142648220062','0.0038889655843377113'),(57,36,'2024-07-01 04:00:00','11.445207595825195','19.82227325439453','0.01738883927464485','0.3017273545265198','0.02408210188150406','0.0038879411295056343'),(58,16,'2024-07-01 02:00:00','11.60595417022705','20.035720825195312','0.01812778227031231','0.3044789433479309','0.02436007559299469','0.003888968378305435'),(59,16,'2024-07-01 03:00:00','11.423213005065918','20.035762786865234','0.018127838149666786','0.30447834730148315','0.024360116571187973','0.0038889585994184017'),(60,16,'2024-07-01 04:00:00','11.445164680480957','19.822181701660156','0.017389031127095222','0.3017280697822571','0.02408197894692421','0.003887938568368554'),(61,8,'2024-07-01 02:00:00','11.608076095581055','20.0355224609375','0.01812784932553768','0.3044792711734772','0.024360105395317078','0.003888961859047413'),(62,8,'2024-07-01 03:00:00','11.423258781433105','20.03553581237793','0.01812787540256977','0.30447909235954285','0.024360138922929764','0.0038889599964022636'),(63,8,'2024-07-01 04:00:00','11.445215225219727','19.822057723999023','0.01738920621573925','0.30172842741012573','0.024081982672214508','0.0038879390340298414'),(64,12,'2024-07-01 02:00:00','11.606532096862793','20.035402297973633','0.01812797412276268','0.30448007583618164','0.024360181763768196','0.0038889655843377113'),(65,12,'2024-07-01 03:00:00','11.423274993896484','20.035402297973633','0.01812824234366417','0.30447980761528015','0.024360138922929764','0.0038889695424586535'),(66,12,'2024-07-01 04:00:00','11.445234298706055','19.821998596191406','0.017389200627803802','0.30172988772392273','0.024082008749246597','0.0038879462517797947'),(67,42,'2024-07-01 02:00:00','11.605610847473145','20.035240173339844','0.0181282926350832','0.3044813573360443','0.024360164999961853','0.0038889709394425154'),(68,42,'2024-07-01 03:00:00','11.423280715942383','20.035295486450195','0.018128298223018646','0.30448147654533386','0.024360213428735733','0.0038889655843377113'),(69,42,'2024-07-01 04:00:00','11.445240020751953','19.82193374633789','0.0173893254250288','0.30173182487487793','0.024082139134407043','0.003887948114424944'),(70,11,'2024-07-01 02:00:00','12.043476104736328','18.065811157226562','0.01614016853272915','0.2901078462600708','0.023989569395780563','0.0038530640304088593'),(71,11,'2024-07-01 03:00:00','11.857658386230469','18.065656661987305','0.01614028587937355','0.2901204824447632','0.023994427174329758','0.0038536039646714926'),(72,11,'2024-07-01 04:00:00','11.881977081298828','18.22413444519043','0.015716325491666794','0.28666672110557556','0.023764602839946747','0.00383940851315856'),(73,9,'2024-07-01 02:00:00','11.974039077758789','19.125967025756836','0.014532675966620445','0.27560386061668396','0.023704059422016144','0.003817056305706501'),(74,9,'2024-07-01 03:00:00','11.78898811340332','19.12607765197754','0.014532763510942459','0.275603324174881','0.023704741150140762','0.0038170795887708664'),(75,9,'2024-07-01 04:00:00','11.821704864501953','18.904733657836914','0.013504918664693832','0.27414795756340027','0.02361588552594185','0.003861732082441449'),(76,33,'2024-07-01 02:00:00','11.483896255493164','19.973552703857422','0.017473742365837097','0.2973547577857971','0.02435389906167984','0.003881039097905159'),(77,33,'2024-07-01 03:00:00','11.305988311767578','19.973806381225586','0.017473923042416573','0.29735615849494934','0.024354057386517525','0.003881048411130905'),(78,33,'2024-07-01 04:00:00','11.283072471618652','19.63067626953125','0.01690530776977539','0.29606494307518005','0.024070998653769493','0.003906827419996262'),(79,22,'2024-07-01 02:00:00','11.542041778564453','20.162029266357422','0.017719022929668427','0.30174243450164795','0.024325663223862648','0.0038865290116518736'),(80,22,'2024-07-01 03:00:00','11.363296508789062','20.162132263183594','0.017719004303216934','0.3017427623271942','0.02432572841644287','0.0038865376263856888'),(81,22,'2024-07-01 04:00:00','11.357879638671875','19.850313186645508','0.016994144767522812','0.299370139837265','0.0240557212382555','0.0038820519112050533'),(82,20,'2024-07-01 02:00:00','11.590497970581055','20.1522274017334','0.01797143556177616','0.30339881777763367','0.024339716881513596','0.003887409344315529'),(83,20,'2024-07-01 03:00:00','11.411077499389648','20.15230369567871','0.017971647903323174','0.30340275168418884','0.0243399515748024','0.0038874074816703796'),(84,20,'2024-07-01 04:00:00','11.419724464416504','19.876636505126953','0.01726282201707363','0.30081745982170105','0.02406894974410534','0.0038822018541395664'),(85,43,'2024-07-01 02:00:00','11.605781555175781','20.118135452270508','0.018032971769571304','0.30394336581230164','0.024348773062229156','0.003888108767569065'),(86,43,'2024-07-01 03:00:00','11.426408767700195','20.11824607849121','0.018033165484666824','0.30394214391708374','0.024349072948098183','0.003888107370585203'),(87,43,'2024-07-01 04:00:00','11.441800117492676','19.865766525268555','0.017307745292782784','0.30127647519111633','0.024076014757156372','0.0038849152624607086'),(88,21,'2024-07-01 02:00:00','11.608386039733887','20.09124755859375','0.018074296414852142','0.30418702960014343','0.024353401735424995','0.003888471517711878'),(89,21,'2024-07-01 03:00:00','11.428916931152344','20.09128761291504','0.01807462051510811','0.3041890859603882','0.024353578686714172','0.0038884736131876707'),(90,21,'2024-07-01 04:00:00','11.447450637817383','19.852741241455078','0.01734560914337635','0.3014932870864868','0.024079015478491783','0.003886441234499216'),(91,38,'2024-07-01 02:00:00','11.60760498046875','20.073043823242188','0.0180934127420187','0.304303377866745','0.02435602992773056','0.0038886824622750282'),(92,38,'2024-07-01 03:00:00','11.428152084350586','20.073060989379883','0.018093550577759743','0.30430349707603455','0.024356115609407425','0.0038886768743395805'),(93,38,'2024-07-01 04:00:00','11.448230743408203','19.84299659729004','0.017360737547278404','0.3015936315059662','0.024080386385321617','0.0038871774449944496'),(94,27,'2024-07-01 02:00:00','11.606337547302246','20.061019897460938','0.018105952069163322','0.3043699860572815','0.02435743249952793','0.003888792125508189'),(95,27,'2024-07-01 03:00:00','11.426855087280273','20.0610408782959','0.0181058831512928','0.3043708801269531','0.024357490241527557','0.003888798411935568'),(96,27,'2024-07-01 04:00:00','11.447729110717773','19.836257934570312','0.017371054738759995','0.30164068937301636','0.024080999195575714','0.0038875285536050797'),(97,29,'2024-07-01 02:00:00','11.605161666870117','20.0533447265625','0.01811302825808525','0.3044070601463318','0.02435833215713501','0.003888847306370735'),(98,29,'2024-07-01 03:00:00','11.425725936889648','20.05342674255371','0.018112991005182266','0.30440717935562134','0.024358456954360008','0.0038888517301529646'),(99,29,'2024-07-01 04:00:00','11.447050094604492','19.831989288330078','0.01737676002085209','0.30166932940483093','0.024081667885184288','0.0038876920007169247'),(100,15,'2024-07-01 02:00:00','11.604314804077148','20.048126220703125','0.018117669969797134','0.3044278025627136','0.024359121918678284','0.003888898529112339'),(101,15,'2024-07-01 03:00:00','11.425355911254883','20.048139572143555','0.018117675557732582','0.3044278025627136','0.024359211325645447','0.0038888936396688223'),(102,15,'2024-07-01 04:00:00','11.446915626525879','19.828996658325195','0.017380082979798317','0.30168870091438293','0.024081703275442123','0.003887784667313099'),(103,7,'2024-07-01 02:00:00','11.603798866271973','20.044368743896484','0.0181208997964859','0.3044453561306','0.024359360337257385','0.0038889157585799694'),(104,7,'2024-07-01 03:00:00','11.425241470336914','20.044368743896484','0.018120886757969856','0.3044453561306','0.024359432980418205','0.003888915292918682'),(105,7,'2024-07-01 04:00:00','11.44693374633789','19.82680892944336','0.017382560297846794','0.3017030358314514','0.024081870913505554','0.0038878358900547028'),(106,35,'2024-07-01 02:00:00','11.603414535522461','20.042062759399414','0.018122827634215355','0.30445465445518494','0.02435949444770813','0.0038889371789991856'),(107,35,'2024-07-01 03:00:00','11.424884796142578','20.042102813720703','0.01812281645834446','0.3044549822807312','0.024359583854675293','0.003888934850692749'),(108,35,'2024-07-01 04:00:00','11.446660995483398','19.825572967529297','0.017384495586156845','0.30171138048171997','0.024081889539957047','0.0038878684863448143'),(109,19,'2024-07-01 02:00:00','11.603198051452637','20.04029083251953','0.018124353140592575','0.30446332693099976','0.02435973845422268','0.0038889427669346333'),(110,19,'2024-07-01 03:00:00','11.424323081970215','20.040264129638672','0.018124159425497055','0.3044632077217102','0.02435976080596447','0.003888940904289484'),(111,19,'2024-07-01 04:00:00','11.44616413116455','19.824560165405273','0.01738577149808407','0.3017156720161438','0.02408190816640854','0.0038878838531672955'),(112,1,'2024-07-01 02:00:00','11.641317367553711','20.038883209228516','0.018125198781490326','0.30446821451187134','0.024359814822673798','0.0038889548741281033'),(113,1,'2024-07-01 03:00:00','11.42392349243164','20.038856506347656','0.018125560134649277','0.3044682741165161','0.02436002343893051','0.0038889567367732525'),(114,1,'2024-07-01 04:00:00','11.445802688598633','19.823749542236328','0.017386412248015404','0.301720529794693','0.024082001298666','0.003887900384142995'),(115,28,'2024-07-01 02:00:00','11.63064956665039','20.03804588317871','0.018126025795936584','0.30447179079055786','0.024359896779060364','0.0038889595307409763'),(116,28,'2024-07-01 03:00:00','11.423544883728027','20.038028717041016','0.018126213923096657','0.30447179079055786','0.024360088631510735','0.003888957668095827'),(117,28,'2024-07-01 04:00:00','11.445450782775879','19.82333755493164','0.01738770119845867','0.30172374844551086','0.02408204972743988','0.0038879166822880507'),(118,39,'2024-07-01 02:00:00','11.612276077270508','20.037290573120117','0.018126554787158966','0.3044740855693817','0.02435995638370514','0.0038889646530151367'),(119,39,'2024-07-01 03:00:00','11.42347526550293','20.037338256835938','0.0181267112493515','0.3044731318950653','0.02436015009880066','0.0038889595307409763'),(120,39,'2024-07-01 04:00:00','11.445405006408691','19.822998046875','0.017388204112648964','0.3017239570617676','0.024082133546471596','0.003887923900038004'),(121,41,'2024-07-01 02:00:00','11.608210563659668','20.036651611328125','0.018126972019672394','0.30447646975517273','0.024359937757253647','0.0038889674469828606'),(122,41,'2024-07-01 03:00:00','11.423404693603516','20.036758422851562','0.01812737062573433','0.3044753968715668','0.024360133334994316','0.003888963721692562'),(123,41,'2024-07-01 04:00:00','11.445343017578125','19.822696685791016','0.017388608306646347','0.3017250895500183','0.02408216893672943','0.0038879327476024628'),(124,48,'2024-07-01 02:00:00','11.606315612792969','20.036197662353516','0.018127309158444405','0.3044778108596802','0.024359969422221184','0.0038889695424586535'),(125,48,'2024-07-01 03:00:00','11.423272132873535','20.036235809326172','0.018127501010894775','0.3044767379760742','0.024360209703445435','0.0038889627903699875'),(126,48,'2024-07-01 04:00:00','11.445215225219727','19.822391510009766','0.01738888956606388','0.3017263412475586','0.024082105606794357','0.0038879362400621176'),(127,45,'2024-07-01 02:00:00','11.60548210144043','20.03595733642578','0.01812756434082985','0.30447834730148315','0.02435995638370514','0.003888963721692562'),(128,45,'2024-07-01 03:00:00','11.423258781433105','20.035968780517578','0.018127793446183205','0.30447787046432495','0.024360142648220062','0.0038889655843377113'),(129,45,'2024-07-01 04:00:00','11.445207595825195','19.82227325439453','0.01738883927464485','0.3017273545265198','0.02408210188150406','0.0038879411295056343'),(130,30,'2024-07-01 02:00:00','11.605945587158203','20.035720825195312','0.01812778227031231','0.3044789433479309','0.02436007559299469','0.003888968378305435'),(131,30,'2024-07-01 03:00:00','11.423213005065918','20.035762786865234','0.018127838149666786','0.30447834730148315','0.024360116571187973','0.0038889585994184017'),(132,30,'2024-07-01 04:00:00','11.445164680480957','19.822181701660156','0.017389031127095222','0.3017280697822571','0.02408197894692421','0.003887938568368554'),(133,44,'2024-07-01 02:00:00','11.608624458312988','20.035526275634766','0.018127955496311188','0.3044796288013458','0.02436010167002678','0.0038889669813215733'),(134,44,'2024-07-01 03:00:00','11.423258781433105','20.035539627075195','0.018127763643860817','0.30447909235954285','0.024360138922929764','0.003888969076797366'),(135,44,'2024-07-01 04:00:00','11.445215225219727','19.822071075439453','0.017389224842190742','0.3017284870147705','0.024081982672214508','0.0038879425264894962'),(136,3,'2024-07-01 02:00:00','11.607486724853516','20.035402297973633','0.01812809333205223','0.3044802248477936','0.024360110983252525','0.003888968378305435'),(137,3,'2024-07-01 03:00:00','11.423267364501953','20.035402297973633','0.01812800019979477','0.3044804036617279','0.02436015009880066','0.003888966515660286'),(138,3,'2024-07-01 04:00:00','11.445223808288574','19.821998596191406','0.017389237880706787','0.3017286956310272','0.024081986397504807','0.0038879404310137033'),(139,46,'2024-07-01 02:00:00','11.607283592224121','20.03520965576172','0.01812809333205223','0.3044814169406891','0.024360062554478645','0.0038889674469828606'),(140,46,'2024-07-01 03:00:00','11.423280715942383','20.03520965576172','0.01812809333205223','0.30447980761528015','0.02436017617583275','0.0038889581337571144'),(141,46,'2024-07-01 04:00:00','11.445240020751953','19.821876525878906','0.01738913729786873','0.30172908306121826','0.024081964045763016','0.003887939965352416'),(142,13,'2024-07-01 05:00:00','11.896146774291992','18.920467376708984','0.0135195292532444','0.2747291922569275','0.023088950663805008','0.003807880450040102'),(143,47,'2024-07-01 05:00:00','11.342802047729492','19.78227996826172','0.016720306128263474','0.29926440119743347','0.024105601012706757','0.00387495756149292'),(144,37,'2024-07-01 05:00:00','11.398188591003418','20.012529373168945','0.016933927312493324','0.3040561079978943','0.024381211027503014','0.003870091401040554'),(145,18,'2024-07-01 05:00:00','11.45206069946289','20.028343200683594','0.01720571145415306','0.30579641461372375','0.024477552622556686','0.003868991043418646'),(146,31,'2024-07-01 05:00:00','11.471061706542969','20.00824546813965','0.017266344279050827','0.3063507676124573','0.024512160569429398','0.003869240405037999'),(147,40,'2024-07-01 05:00:00','11.475500106811523','19.989269256591797','0.017309337854385376','0.30660030245780945','0.024525418877601624','0.0038694492541253567'),(148,17,'2024-07-01 05:00:00','11.475735664367676','19.97582244873047','0.017329145222902298','0.3067193925380707','0.02453138306736946','0.0038695225957781076'),(149,6,'2024-07-01 05:00:00','11.474992752075195','19.966793060302734','0.017340214923024178','0.3067795932292938','0.02453404851257801','0.003869557287544012'),(150,25,'2024-07-01 05:00:00','11.47419261932373','19.961069107055664','0.017346929758787155','0.3068137764930725','0.024535352364182472','0.003869574051350355'),(151,24,'2024-07-01 05:00:00','11.473993301391602','19.957111358642578','0.017351876944303513','0.3068377375602722','0.024536235257983208','0.0038695838302373886'),(152,5,'2024-07-01 05:00:00','11.473987579345703','19.954246520996094','0.017354663461446762','0.3068545162677765','0.02453651838004589','0.0038695763796567917'),(153,10,'2024-07-01 05:00:00','11.473703384399414','19.952571868896484','0.017356861382722855','0.3068646490573883','0.024536602199077606','0.0038695684634149075'),(154,14,'2024-07-01 05:00:00','11.473203659057617','19.951250076293945','0.01735839806497097','0.3068712651729584','0.02453676238656044','0.003869549836963415'),(155,23,'2024-07-01 05:00:00','11.47283935546875','19.95014190673828','0.017359262332320213','0.30687713623046875','0.02453707717359066','0.003869549836963415'),(156,2,'2024-07-01 05:00:00','11.472488403320312','19.949554443359375','0.017359891906380653','0.30688047409057617','0.024537237361073494','0.003869570791721344'),(157,4,'2024-07-01 05:00:00','11.472431182861328','19.9490909576416','0.017360413447022438','0.3068784773349762','0.02453736960887909','0.0038695726543664932'),(158,26,'2024-07-01 05:00:00','11.472376823425293','19.94866180419922','0.01736043207347393','0.30688199400901794','0.02453739196062088','0.0038695812691003084'),(159,32,'2024-07-01 05:00:00','11.47225284576416','19.94824981689453','0.017360923811793327','0.30688366293907166','0.02453739568591118','0.003869580337777734'),(160,36,'2024-07-01 05:00:00','11.47223949432373','19.948060989379883','0.017361316829919815','0.3068849444389343','0.024537356570363045','0.0038695784751325846'),(161,16,'2024-07-01 05:00:00','11.472201347351074','19.94792938232422','0.017361782491207123','0.3068859577178955','0.02453709952533245','0.0038695759139955044'),(162,8,'2024-07-01 05:00:00','11.472247123718262','19.947757720947266','0.01736188866198063','0.30688613653182983','0.024537131190299988','0.0038695745170116425'),(163,12,'2024-07-01 05:00:00','11.472261428833008','19.947662353515625','0.017361758276820183','0.3068864047527313','0.02453717589378357','0.0038695745170116425'),(164,42,'2024-07-01 05:00:00','11.472269058227539','19.947566986083984','0.017361832782626152','0.3068862855434418','0.024537472054362297','0.0038695759139955044'),(165,11,'2024-07-01 05:00:00','11.870033264160156','17.84617042541504','0.015343889594078064','0.2923891544342041','0.023755118250846863','0.0038293739780783653'),(166,9,'2024-07-01 05:00:00','11.896130561828613','18.920269012451172','0.013518944382667542','0.27473020553588867','0.023088503628969193','0.0038079353980720043'),(167,33,'2024-07-01 05:00:00','11.342784881591797','19.78226661682129','0.01672068051993847','0.29926401376724243','0.024105876684188843','0.003874992486089468'),(168,22,'2024-07-01 05:00:00','11.398183822631836','20.012516021728516','0.01693396456539631','0.30405551195144653','0.02438131719827652','0.003870095359161496'),(169,20,'2024-07-01 05:00:00','11.452062606811523','20.028356552124023','0.017205778509378433','0.3057950735092163','0.02447757124900818','0.003868992906063795'),(170,43,'2024-07-01 05:00:00','11.47108268737793','20.00826644897461','0.017266344279050827','0.3063514232635498','0.024512168020009995','0.003869240405037999'),(171,21,'2024-07-01 05:00:00','11.475503921508789','19.989269256591797','0.01730935089290142','0.3066002130508423','0.024525422602891922','0.0038694492541253567'),(172,38,'2024-07-01 05:00:00','11.475735664367676','19.975849151611328','0.017329145222902298','0.3067193925380707','0.02453138679265976','0.0038695225957781076'),(173,27,'2024-07-01 05:00:00','11.474992752075195','19.966806411743164','0.017340220510959625','0.306780606508255','0.02453404851257801','0.003869557287544012'),(174,29,'2024-07-01 05:00:00','11.47419261932373','19.961082458496094','0.017346929758787155','0.30681371688842773','0.024535352364182472','0.003869574051350355'),(175,15,'2024-07-01 05:00:00','11.473993301391602','19.957111358642578','0.01735188253223896','0.3068377375602722','0.024536235257983208','0.0038695838302373886'),(176,7,'2024-07-01 05:00:00','11.473987579345703','19.954246520996094','0.017354663461446762','0.30685436725616455','0.02453651838004589','0.0038695763796567917'),(177,35,'2024-07-01 05:00:00','11.473703384399414','19.952571868896484','0.017356866970658302','0.3068646490573883','0.024536602199077606','0.0038695684634149075'),(178,19,'2024-07-01 05:00:00','11.473203659057617','19.95121192932129','0.01735839806497097','0.3068712651729584','0.02453676238656044','0.003869549836963415'),(179,1,'2024-07-01 05:00:00','11.47283935546875','19.95014190673828','0.017359262332320213','0.30687713623046875','0.02453707717359066','0.003869549836963415'),(180,28,'2024-07-01 05:00:00','11.472488403320312','19.949554443359375','0.017359884455800056','0.30688047409057617','0.024537237361073494','0.003869570791721344'),(181,39,'2024-07-01 05:00:00','11.472431182861328','19.949077606201172','0.017360413447022438','0.3068784773349762','0.02453736960887909','0.0038695726543664932'),(182,41,'2024-07-01 05:00:00','11.472376823425293','19.948637008666992','0.01736043207347393','0.30688199400901794','0.02453739196062088','0.0038695812691003084'),(183,48,'2024-07-01 05:00:00','11.47225284576416','19.94824981689453','0.017360923811793327','0.30688366293907166','0.02453739568591118','0.003869580337777734'),(184,45,'2024-07-01 05:00:00','11.47223949432373','19.948060989379883','0.017361316829919815','0.3068849444389343','0.024537356570363045','0.0038695784751325846'),(185,30,'2024-07-01 05:00:00','11.472201347351074','19.94792938232422','0.017361782491207123','0.3068859577178955','0.02453709952533245','0.0038695759139955044'),(186,44,'2024-07-01 05:00:00','11.472247123718262','19.94776153564453','0.017362000420689583','0.30688613653182983','0.024537131190299988','0.003869560780003667'),(187,3,'2024-07-01 05:00:00','11.47225570678711','19.947662353515625','0.017362024635076523','0.3068867325782776','0.024537134915590286','0.003869555424898863'),(188,46,'2024-07-01 05:00:00','11.472269058227539','19.9475040435791','0.017361950129270554','0.3068868815898895','0.02453709952533245','0.0038695568218827248');
/*!40000 ALTER TABLE `air_predict` ENABLE KEYS */;
UNLOCK TABLES;

--
-- Table structure for table `alert`
--

DROP TABLE IF EXISTS `alert`;
/*!40101 SET @saved_cs_client     = @@character_set_client */;
/*!50503 SET character_set_client = utf8mb4 */;
CREATE TABLE `alert` (
  `alert_id` int NOT NULL AUTO_INCREMENT,
  `region_id` int NOT NULL,
  `alert_time` datetime NOT NULL DEFAULT CURRENT_TIMESTAMP,
  `alert_type` enum('CITY','AIR') NOT NULL,
  `pollution_id` int NOT NULL,
  PRIMARY KEY (`alert_id`),
  KEY `fk_pollution_id_idx` (`pollution_id`),
  CONSTRAINT `fk_pollution_id` FOREIGN KEY (`pollution_id`) REFERENCES `pollution_index` (`pollution_id`)
) ENGINE=InnoDB AUTO_INCREMENT=18 DEFAULT CHARSET=utf8mb4 COLLATE=utf8mb4_0900_ai_ci;
/*!40101 SET character_set_client = @saved_cs_client */;

--
-- Dumping data for table `alert`
--

LOCK TABLES `alert` WRITE;
/*!40000 ALTER TABLE `alert` DISABLE KEYS */;
INSERT INTO `alert` VALUES (1,1,'2024-07-18 11:46:45','CITY',1),(2,1,'2024-07-18 11:46:45','AIR',2),(3,1,'2024-07-18 11:46:45','CITY',2),(4,9,'2024-07-23 16:16:26','CITY',199),(5,9,'2024-07-23 16:16:26','AIR',199),(7,9,'2024-07-23 16:18:42','AIR',11),(8,9,'2024-07-23 16:18:42','CITY',11),(9,9,'2024-07-23 16:19:35','CITY',58),(10,30,'2024-07-24 16:55:13','CITY',79),(11,30,'2024-07-24 16:55:13','AIR',79),(12,40,'2024-07-24 16:58:26','CITY',652),(13,40,'2024-07-24 16:58:26','AIR',652),(14,33,'2024-07-24 16:58:26','CITY',693),(15,33,'2024-07-24 16:58:26','AIR',693),(16,8,'2024-07-24 16:58:26','CITY',621),(17,8,'2024-07-24 16:58:26','AIR',621);
/*!40000 ALTER TABLE `alert` ENABLE KEYS */;
UNLOCK TABLES;

--
-- Table structure for table `answer_board`
--

DROP TABLE IF EXISTS `answer_board`;
/*!40101 SET @saved_cs_client     = @@character_set_client */;
/*!50503 SET character_set_client = utf8mb4 */;
CREATE TABLE `answer_board` (
  `seq` int NOT NULL AUTO_INCREMENT,
  `content` text NOT NULL,
  `created_date` timestamp NOT NULL DEFAULT CURRENT_TIMESTAMP,
  `member_id` int NOT NULL,
  `question_board_id` int NOT NULL,
  PRIMARY KEY (`seq`)
) ENGINE=InnoDB AUTO_INCREMENT=20 DEFAULT CHARSET=utf8mb4 COLLATE=utf8mb4_0900_ai_ci COMMENT='after answer, questionboard''s is_answered is true';
/*!40101 SET character_set_client = @saved_cs_client */;

--
-- Dumping data for table `answer_board`
--

LOCK TABLES `answer_board` WRITE;
/*!40000 ALTER TABLE `answer_board` DISABLE KEYS */;
INSERT INTO `answer_board` VALUES (3,'수정 완료된 답변입니다.','2024-07-06 06:41:12',2,3),(12,'안녕하세요!\n위치를 수정하고 싶으시면 로그인 후 마이페이지에서 위치를 수정하시면 됩니다\n감사합니다 :)','2024-07-15 03:16:35',2,119),(19,'fdf','2024-07-24 02:44:17',2,99);
/*!40000 ALTER TABLE `answer_board` ENABLE KEYS */;
UNLOCK TABLES;
/*!50003 SET @saved_cs_client      = @@character_set_client */ ;
/*!50003 SET @saved_cs_results     = @@character_set_results */ ;
/*!50003 SET @saved_col_connection = @@collation_connection */ ;
/*!50003 SET character_set_client  = utf8mb4 */ ;
/*!50003 SET character_set_results = utf8mb4 */ ;
/*!50003 SET collation_connection  = utf8mb4_0900_ai_ci */ ;
/*!50003 SET @saved_sql_mode       = @@sql_mode */ ;
/*!50003 SET sql_mode              = 'ONLY_FULL_GROUP_BY,STRICT_TRANS_TABLES,NO_ZERO_IN_DATE,NO_ZERO_DATE,ERROR_FOR_DIVISION_BY_ZERO,NO_ENGINE_SUBSTITUTION' */ ;
DELIMITER ;;
/*!50003 CREATE*/ /*!50017 DEFINER=`project`@`%`*/ /*!50003 TRIGGER `answerboard_AFTER_INSERT` AFTER INSERT ON `answer_board` FOR EACH ROW BEGIN
	UPDATE `Question_Board`
    SET `is_answered` = 1
    WHERE `seq` = NEW.`question_board_id`;
END */;;
DELIMITER ;
/*!50003 SET sql_mode              = @saved_sql_mode */ ;
/*!50003 SET character_set_client  = @saved_cs_client */ ;
/*!50003 SET character_set_results = @saved_cs_results */ ;
/*!50003 SET collation_connection  = @saved_col_connection */ ;
/*!50003 SET @saved_cs_client      = @@character_set_client */ ;
/*!50003 SET @saved_cs_results     = @@character_set_results */ ;
/*!50003 SET @saved_col_connection = @@collation_connection */ ;
/*!50003 SET character_set_client  = utf8mb4 */ ;
/*!50003 SET character_set_results = utf8mb4 */ ;
/*!50003 SET collation_connection  = utf8mb4_0900_ai_ci */ ;
/*!50003 SET @saved_sql_mode       = @@sql_mode */ ;
/*!50003 SET sql_mode              = 'ONLY_FULL_GROUP_BY,STRICT_TRANS_TABLES,NO_ZERO_IN_DATE,NO_ZERO_DATE,ERROR_FOR_DIVISION_BY_ZERO,NO_ENGINE_SUBSTITUTION' */ ;
DELIMITER ;;
/*!50003 CREATE*/ /*!50017 DEFINER=`project`@`%`*/ /*!50003 TRIGGER `answer_board_AFTER_DELETE` AFTER DELETE ON `answer_board` FOR EACH ROW BEGIN
	UPDATE `Question_Board`
    SET `is_answered` = 0
    WHERE `seq` = OLD.`question_board_id`;
END */;;
DELIMITER ;
/*!50003 SET sql_mode              = @saved_sql_mode */ ;
/*!50003 SET character_set_client  = @saved_cs_client */ ;
/*!50003 SET character_set_results = @saved_cs_results */ ;
/*!50003 SET collation_connection  = @saved_col_connection */ ;

--
-- Table structure for table `member`
--

DROP TABLE IF EXISTS `member`;
/*!40101 SET @saved_cs_client     = @@character_set_client */;
/*!50503 SET character_set_client = utf8mb4 */;
CREATE TABLE `member` (
  `member_id` int NOT NULL AUTO_INCREMENT,
  `email` varchar(45) NOT NULL,
  `password` varchar(255) NOT NULL,
  `username` varchar(45) NOT NULL,
  `role` enum('ROLE_USER','ROLE_ADMIN') NOT NULL DEFAULT 'ROLE_USER',
  `region_id` int NOT NULL,
  `phone_number` varchar(15) NOT NULL,
  `isdeleted` tinyint(1) NOT NULL DEFAULT '0',
  PRIMARY KEY (`member_id`)
) ENGINE=InnoDB AUTO_INCREMENT=15 DEFAULT CHARSET=utf8mb4 COLLATE=utf8mb4_0900_ai_ci;
/*!40101 SET character_set_client = @saved_cs_client */;

--
-- Dumping data for table `member`
--

LOCK TABLES `member` WRITE;
/*!40000 ALTER TABLE `member` DISABLE KEYS */;
INSERT INTO `member` VALUES (2,'scott@gmail.com','$2a$10$Wixc0lRWbKv/7kmhrxmpuO/qT0BVOIyvfRdiyS7JaMqc0Sj9fhDEu','scott','ROLE_ADMIN',5,'01022222222',0),(3,'baejimil@naver.com','$2a$10$G2msSuPkZ/JvgvZ2/6eaaOVUy.05iRWyKQp3DbXnS19kI1vWHiVNu','baegimil','ROLE_USER',15,'01033333333',0),(4,'woojung@naver.com','$2a$10$snmCUeFS4cd9QK3Jrjf/EuF4ipUTpF.CCkwJXgyjkhOPHkHU0xgQq','woojung','ROLE_USER',35,'01044444444',0),(5,'youngin@naver.com','$2a$10$e4sWQpk5lb8BxlOeyTXksuAfFel05llFPNK7/lUzYHx0Hnqo3CDki','young12','ROLE_USER',14,'01055556666',0),(6,'hoho.@gmail.com','$2a$10$czP8fDR/BcMzyBONk7Xa8ex/SBbOS3HPZIrlxzPqz2wUsF.CtsJiu','hiho','ROLE_USER',20,'01066666666',0),(9,'jimill@gmail.com','$2a$10$udNQTT8AeQl3sostfwcY5OyCyvGtjs5g5I5HLmyA7faA9n9Yz8qVy','jimill','ROLE_USER',20,'01012341234',0),(13,'home@naver.com','$2a$10$Ov6o/3MkqwHWPNmnwohM2ewVDLV9k8K0wbX5Nmti75KPJT.e9znRi','알 수 없음','ROLE_USER',41,'01011111111',1),(14,'test@gmail.com','$2a$10$0B3Dxa/trXT13gD4dr.L8eMo9aENjjmn3KsBYk9O/q2ZJcmDFNOn6','test','ROLE_USER',2,'01012345670',0);
/*!40000 ALTER TABLE `member` ENABLE KEYS */;
UNLOCK TABLES;

--
-- Table structure for table `pollution_index`
--

DROP TABLE IF EXISTS `pollution_index`;
/*!40101 SET @saved_cs_client     = @@character_set_client */;
/*!50503 SET character_set_client = utf8mb4 */;
CREATE TABLE `pollution_index` (
  `pollution_id` int NOT NULL AUTO_INCREMENT,
  `out_activity` varchar(45) NOT NULL,
  `city_pollution` varchar(45) NOT NULL,
  `air_pollution` varchar(45) NOT NULL,
  `region_id` varchar(45) NOT NULL,
  `datetime` datetime NOT NULL DEFAULT CURRENT_TIMESTAMP,
  PRIMARY KEY (`pollution_id`)
) ENGINE=InnoDB AUTO_INCREMENT=1084 DEFAULT CHARSET=utf8mb4 COLLATE=utf8mb4_0900_ai_ci;
/*!40101 SET character_set_client = @saved_cs_client */;

--
-- Dumping data for table `pollution_index`
--

LOCK TABLES `pollution_index` WRITE;
/*!40000 ALTER TABLE `pollution_index` DISABLE KEYS */;
INSERT INTO `pollution_index` VALUES (1,'12','17','6','1','2024-07-18 11:46:45'),(2,'12','7','15','1','2024-07-18 11:46:45'),(3,'6','2','11','1','2024-07-01 01:00:00'),(4,'4','3','5','2','2024-07-01 01:00:00'),(5,'9','7','13','3','2024-07-01 01:00:00'),(6,'5','4','7','4','2024-07-01 01:00:00'),(7,'8','7','9','5','2024-07-01 01:00:00'),(8,'6','4','8','6','2024-07-01 01:00:00'),(9,'6','3','11','7','2024-07-01 01:00:00'),(10,'0','5','0','8','2024-07-01 01:00:00'),(11,'25','19','31','9','2024-07-01 01:00:00'),(12,'7','7','6','10','2024-07-01 01:00:00'),(13,'5','4','7','11','2024-07-01 01:00:00'),(14,'5','4','6','12','2024-07-01 01:00:00'),(15,'4','2','6','13','2024-07-01 01:00:00'),(16,'5','3','8','14','2024-07-01 01:00:00'),(17,'6','4','9','15','2024-07-01 01:00:00'),(18,'0','3','0','16','2024-07-01 01:00:00'),(19,'0','6','0','17','2024-07-01 01:00:00'),(20,'8','8','9','18','2024-07-01 01:00:00'),(21,'3','3','4','19','2024-07-01 01:00:00'),(22,'7','6','9','20','2024-07-01 01:00:00'),(23,'7','5','11','21','2024-07-01 01:00:00'),(24,'6','4','10','22','2024-07-01 01:00:00'),(25,'10','5','17','23','2024-07-01 01:00:00'),(26,'7','5','10','24','2024-07-01 01:00:00'),(27,'7','4','11','25','2024-07-01 01:00:00'),(28,'7','4','11','26','2024-07-01 01:00:00'),(29,'7','5','9','27','2024-07-01 01:00:00'),(30,'0','4','0','28','2024-07-01 01:00:00'),(31,'13','5','24','29','2024-07-01 01:00:00'),(32,'8','3','15','30','2024-07-01 01:00:00'),(33,'9','4','16','31','2024-07-01 01:00:00'),(34,'9','5','16','32','2024-07-01 01:00:00'),(35,'7','4','12','33','2024-07-01 01:00:00'),(36,'6','3','11','35','2024-07-01 01:00:00'),(37,'10','4','20','36','2024-07-01 01:00:00'),(38,'7','7','8','37','2024-07-01 01:00:00'),(39,'6','3','11','38','2024-07-01 01:00:00'),(40,'0','3','0','39','2024-07-01 01:00:00'),(41,'8','3','15','40','2024-07-01 01:00:00'),(42,'10','8','12','41','2024-07-01 01:00:00'),(43,'6','4','9','42','2024-07-01 01:00:00'),(44,'8','7','10','43','2024-07-01 01:00:00'),(45,'8','7','10','44','2024-07-01 01:00:00'),(46,'9','7','13','45','2024-07-01 01:00:00'),(47,'5','5','5','46','2024-07-01 01:00:00'),(48,'6','4','9','47','2024-07-01 01:00:00'),(49,'8','3','16','48','2024-07-01 01:00:00'),(50,'15','4','22','1','2024-07-01 18:00:00'),(51,'16','4','24','2','2024-07-01 18:00:00'),(52,'22','9','30','3','2024-07-01 18:00:00'),(53,'11','6','14','4','2024-07-01 18:00:00'),(54,'12','6','16','5','2024-07-01 18:00:00'),(55,'0','7','0','6','2024-07-01 18:00:00'),(56,'0','0','0','7','2024-07-01 18:00:00'),(57,'12','7','15','8','2024-07-01 18:00:00'),(58,'18','16','21','9','2024-07-01 18:00:00'),(59,'0','0','0','10','2024-07-01 18:00:00'),(60,'15','5','21','11','2024-07-01 18:00:00'),(61,'12','4','17','12','2024-07-01 18:00:00'),(62,'9','2','14','13','2024-07-01 18:00:00'),(63,'11','3','16','14','2024-07-01 18:00:00'),(64,'13','5','18','15','2024-07-01 18:00:00'),(65,'10','5','13','16','2024-07-01 18:00:00'),(66,'23','6','35','17','2024-07-01 18:00:00'),(67,'23','10','31','18','2024-07-01 18:00:00'),(68,'19','5','28','19','2024-07-01 18:00:00'),(69,'17','7','23','20','2024-07-01 18:00:00'),(70,'18','5','27','21','2024-07-01 18:00:00'),(71,'18','4','27','22','2024-07-01 18:00:00'),(72,'0','0','0','23','2024-07-01 18:00:00'),(73,'20','4','31','24','2024-07-01 18:00:00'),(74,'23','5','35','25','2024-07-01 18:00:00'),(75,'20','3','31','26','2024-07-01 18:00:00'),(76,'11','4','15','27','2024-07-01 18:00:00'),(77,'0','6','0','28','2024-07-01 18:00:00'),(78,'0','3','0','29','2024-07-01 18:00:00'),(79,'19','5','29','30','2024-07-01 18:00:00'),(80,'20','4','30','31','2024-07-01 18:00:00'),(81,'20','6','29','32','2024-07-01 18:00:00'),(82,'19','5','28','33','2024-07-01 18:00:00'),(83,'19','6','28','35','2024-07-01 18:00:00'),(84,'20','6','30','36','2024-07-01 18:00:00'),(85,'27','16','35','37','2024-07-01 18:00:00'),(86,'15','4','22','38','2024-07-01 18:00:00'),(87,'16','4','24','39','2024-07-01 18:00:00'),(88,'17','5','25','40','2024-07-01 18:00:00'),(89,'24','9','34','41','2024-07-01 18:00:00'),(90,'12','4','18','42','2024-07-01 18:00:00'),(91,'20','9','28','43','2024-07-01 18:00:00'),(92,'0','8','0','44','2024-07-01 18:00:00'),(93,'23','9','33','45','2024-07-01 18:00:00'),(94,'21','6','31','46','2024-07-01 18:00:00'),(95,'21','5','32','47','2024-07-01 18:00:00'),(96,'17','5','25','48','2024-07-01 18:00:00'),(97,'13','4','19','1','2024-07-01 19:00:00'),(98,'12','4','18','2','2024-07-01 19:00:00'),(99,'18','9','24','3','2024-07-01 19:00:00'),(100,'15','8','20','4','2024-07-01 19:00:00'),(101,'0','6','0','5','2024-07-01 19:00:00'),(102,'19','7','27','6','2024-07-01 19:00:00'),(103,'0','0','0','7','2024-07-01 19:00:00'),(104,'14','7','18','8','2024-07-01 19:00:00'),(105,'20','6','30','9','2024-07-01 19:00:00'),(106,'20','9','27','10','2024-07-01 19:00:00'),(107,'14','4','20','11','2024-07-01 19:00:00'),(108,'9','4','13','12','2024-07-01 19:00:00'),(109,'9','3','13','13','2024-07-01 19:00:00'),(110,'8','3','12','14','2024-07-01 19:00:00'),(111,'12','5','16','15','2024-07-01 19:00:00'),(112,'12','5','16','16','2024-07-01 19:00:00'),(113,'21','6','31','17','2024-07-01 19:00:00'),(114,'22','11','29','18','2024-07-01 19:00:00'),(115,'18','6','26','19','2024-07-01 19:00:00'),(116,'16','8','21','20','2024-07-01 19:00:00'),(117,'19','5','28','21','2024-07-01 19:00:00'),(118,'16','5','24','22','2024-07-01 19:00:00'),(119,'0','0','0','23','2024-07-01 19:00:00'),(120,'24','4','38','24','2024-07-01 19:00:00'),(121,'15','5','22','25','2024-07-01 19:00:00'),(122,'15','4','22','26','2024-07-01 19:00:00'),(123,'12','4','18','27','2024-07-01 19:00:00'),(124,'0','5','0','28','2024-07-01 19:00:00'),(125,'0','4','0','29','2024-07-01 19:00:00'),(126,'18','4','27','30','2024-07-01 19:00:00'),(127,'22','6','33','31','2024-07-01 19:00:00'),(128,'21','7','31','32','2024-07-01 19:00:00'),(129,'16','5','23','33','2024-07-01 19:00:00'),(130,'14','5','20','35','2024-07-01 19:00:00'),(131,'0','6','0','36','2024-07-01 19:00:00'),(132,'20','12','25','37','2024-07-01 19:00:00'),(133,'13','5','18','38','2024-07-01 19:00:00'),(134,'14','4','20','39','2024-07-01 19:00:00'),(135,'15','6','21','40','2024-07-01 19:00:00'),(136,'20','10','27','41','2024-07-01 19:00:00'),(137,'12','5','16','42','2024-07-01 19:00:00'),(138,'18','8','25','43','2024-07-01 19:00:00'),(139,'18','8','25','44','2024-07-01 19:00:00'),(140,'19','9','25','45','2024-07-01 19:00:00'),(141,'17','6','24','46','2024-07-01 19:00:00'),(142,'17','6','24','47','2024-07-01 19:00:00'),(143,'0','4','0','48','2024-07-01 19:00:00'),(144,'12','4','17','1','2024-07-01 20:00:00'),(145,'12','4','18','2','2024-07-01 20:00:00'),(146,'17','9','23','3','2024-07-01 20:00:00'),(147,'15','7','21','4','2024-07-01 20:00:00'),(148,'15','7','21','5','2024-07-01 20:00:00'),(149,'16','7','22','6','2024-07-01 20:00:00'),(150,'0','0','0','7','2024-07-01 20:00:00'),(151,'13','9','15','8','2024-07-01 20:00:00'),(152,'18','5','27','9','2024-07-01 20:00:00'),(153,'20','10','27','10','2024-07-01 20:00:00'),(154,'13','4','19','11','2024-07-01 20:00:00'),(155,'7','4','9','12','2024-07-01 20:00:00'),(156,'9','3','13','13','2024-07-01 20:00:00'),(157,'7','3','9','14','2024-07-01 20:00:00'),(158,'12','6','16','15','2024-07-01 20:00:00'),(159,'10','5','14','16','2024-07-01 20:00:00'),(160,'24','6','36','17','2024-07-01 20:00:00'),(161,'23','11','31','18','2024-07-01 20:00:00'),(162,'17','7','23','19','2024-07-01 20:00:00'),(163,'16','9','20','20','2024-07-01 20:00:00'),(164,'18','5','27','21','2024-07-01 20:00:00'),(165,'18','5','26','22','2024-07-01 20:00:00'),(166,'0','0','0','23','2024-07-01 20:00:00'),(167,'22','4','34','24','2024-07-01 20:00:00'),(168,'13','5','18','25','2024-07-01 20:00:00'),(169,'18','4','27','26','2024-07-01 20:00:00'),(170,'14','4','20','27','2024-07-01 20:00:00'),(171,'0','5','0','28','2024-07-01 20:00:00'),(172,'0','4','0','29','2024-07-01 20:00:00'),(173,'17','4','25','30','2024-07-01 20:00:00'),(174,'24','6','36','31','2024-07-01 20:00:00'),(175,'23','7','34','32','2024-07-01 20:00:00'),(176,'15','4','22','33','2024-07-01 20:00:00'),(177,'15','6','21','35','2024-07-01 20:00:00'),(178,'13','6','18','36','2024-07-01 20:00:00'),(179,'20','10','27','37','2024-07-01 20:00:00'),(180,'17','4','26','38','2024-07-01 20:00:00'),(181,'12','4','18','39','2024-07-01 20:00:00'),(182,'15','5','21','40','2024-07-01 20:00:00'),(183,'20','10','27','41','2024-07-01 20:00:00'),(184,'12','5','16','42','2024-07-01 20:00:00'),(185,'18','8','24','43','2024-07-01 20:00:00'),(186,'19','9','25','44','2024-07-01 20:00:00'),(187,'16','8','22','45','2024-07-01 20:00:00'),(188,'15','6','21','46','2024-07-01 20:00:00'),(189,'15','6','21','47','2024-07-01 20:00:00'),(190,'14','4','20','48','2024-07-01 20:00:00'),(191,'14','4','20','1','2024-07-01 21:00:00'),(192,'11','4','16','2','2024-07-01 21:00:00'),(193,'19','9','26','3','2024-07-01 21:00:00'),(194,'16','6','23','4','2024-07-01 21:00:00'),(195,'14','6','19','5','2024-07-01 21:00:00'),(196,'0','7','0','6','2024-07-01 21:00:00'),(197,'0','0','0','7','2024-07-01 21:00:00'),(198,'13','9','15','8','2024-07-01 21:00:00'),(199,'17','7','25','9','2024-07-01 21:00:00'),(200,'18','12','22','10','2024-07-01 21:00:00'),(201,'12','4','17','11','2024-07-01 21:00:00'),(202,'9','4','13','12','2024-07-01 21:00:00'),(203,'8','3','12','13','2024-07-01 21:00:00'),(204,'8','3','11','14','2024-07-01 21:00:00'),(205,'14','6','19','15','2024-07-01 21:00:00'),(206,'11','6','15','16','2024-07-01 21:00:00'),(207,'20','6','29','17','2024-07-01 21:00:00'),(208,'21','11','28','18','2024-07-01 21:00:00'),(209,'21','6','31','19','2024-07-01 21:00:00'),(210,'16','9','21','20','2024-07-01 21:00:00'),(211,'17','6','24','21','2024-07-01 21:00:00'),(212,'18','5','26','22','2024-07-01 21:00:00'),(213,'0','0','0','23','2024-07-01 21:00:00'),(214,'17','4','26','24','2024-07-01 21:00:00'),(215,'11','4','15','25','2024-07-01 21:00:00'),(216,'13','4','19','26','2024-07-01 21:00:00'),(217,'13','5','18','27','2024-07-01 21:00:00'),(218,'0','5','0','28','2024-07-01 21:00:00'),(219,'0','5','0','29','2024-07-01 21:00:00'),(220,'18','4','28','30','2024-07-01 21:00:00'),(221,'23','6','34','31','2024-07-01 21:00:00'),(222,'18','6','26','32','2024-07-01 21:00:00'),(223,'17','5','25','33','2024-07-01 21:00:00'),(224,'15','6','21','35','2024-07-01 21:00:00'),(225,'22','5','33','36','2024-07-01 21:00:00'),(226,'19','12','23','37','2024-07-01 21:00:00'),(227,'11','3','17','38','2024-07-01 21:00:00'),(228,'12','3','18','39','2024-07-01 21:00:00'),(229,'16','5','24','40','2024-07-01 21:00:00'),(230,'20','10','26','41','2024-07-01 21:00:00'),(231,'12','5','16','42','2024-07-01 21:00:00'),(232,'16','8','22','43','2024-07-01 21:00:00'),(233,'19','9','25','44','2024-07-01 21:00:00'),(234,'17','9','22','45','2024-07-01 21:00:00'),(235,'15','6','21','46','2024-07-01 21:00:00'),(236,'14','6','20','47','2024-07-01 21:00:00'),(237,'0','4','0','48','2024-07-01 21:00:00'),(238,'14','4','21','1','2024-07-01 22:00:00'),(239,'13','3','19','2','2024-07-01 22:00:00'),(240,'16','9','21','3','2024-07-01 22:00:00'),(241,'14','5','20','4','2024-07-01 22:00:00'),(242,'13','5','18','5','2024-07-01 22:00:00'),(243,'0','7','0','6','2024-07-01 22:00:00'),(244,'0','0','0','7','2024-07-01 22:00:00'),(245,'11','7','13','8','2024-07-01 22:00:00'),(246,'18','5','26','9','2024-07-01 22:00:00'),(247,'19','11','24','10','2024-07-01 22:00:00'),(248,'11','4','16','11','2024-07-01 22:00:00'),(249,'9','4','12','12','2024-07-01 22:00:00'),(250,'9','4','13','13','2024-07-01 22:00:00'),(251,'5','3','6','14','2024-07-01 22:00:00'),(252,'13','5','18','15','2024-07-01 22:00:00'),(253,'10','5','13','16','2024-07-01 22:00:00'),(254,'24','7','36','17','2024-07-01 22:00:00'),(255,'19','11','24','18','2024-07-01 22:00:00'),(256,'19','6','28','19','2024-07-01 22:00:00'),(257,'14','8','18','20','2024-07-01 22:00:00'),(258,'16','6','23','21','2024-07-01 22:00:00'),(259,'16','5','23','22','2024-07-01 22:00:00'),(260,'0','0','0','23','2024-07-01 22:00:00'),(261,'19','5','29','24','2024-07-01 22:00:00'),(262,'14','4','20','25','2024-07-01 22:00:00'),(263,'15','4','23','26','2024-07-01 22:00:00'),(264,'13','5','19','27','2024-07-01 22:00:00'),(265,'0','5','0','28','2024-07-01 22:00:00'),(266,'0','6','0','29','2024-07-01 22:00:00'),(267,'16','4','24','30','2024-07-01 22:00:00'),(268,'22','6','32','31','2024-07-01 22:00:00'),(269,'17','6','24','32','2024-07-01 22:00:00'),(270,'15','5','22','33','2024-07-01 22:00:00'),(271,'16','5','23','35','2024-07-01 22:00:00'),(272,'22','5','33','36','2024-07-01 22:00:00'),(273,'20','12','26','37','2024-07-01 22:00:00'),(274,'11','4','16','38','2024-07-01 22:00:00'),(275,'10','4','14','39','2024-07-01 22:00:00'),(276,'0','5','0','40','2024-07-01 22:00:00'),(277,'24','11','32','41','2024-07-01 22:00:00'),(278,'12','4','17','42','2024-07-01 22:00:00'),(279,'15','7','20','43','2024-07-01 22:00:00'),(280,'19','10','25','44','2024-07-01 22:00:00'),(281,'17','8','23','45','2024-07-01 22:00:00'),(282,'19','6','28','46','2024-07-01 22:00:00'),(283,'15','5','22','47','2024-07-01 22:00:00'),(284,'0','4','0','48','2024-07-01 22:00:00'),(285,'12','3','18','1','2024-07-01 23:00:00'),(286,'0','3','0','2','2024-07-01 23:00:00'),(287,'16','7','22','3','2024-07-01 23:00:00'),(288,'14','7','19','4','2024-07-01 23:00:00'),(289,'11','6','14','5','2024-07-01 23:00:00'),(290,'15','6','21','6','2024-07-01 23:00:00'),(291,'0','0','0','7','2024-07-01 23:00:00'),(292,'11','8','13','8','2024-07-01 23:00:00'),(293,'16','5','24','9','2024-07-01 23:00:00'),(294,'17','10','22','10','2024-07-01 23:00:00'),(295,'13','5','18','11','2024-07-01 23:00:00'),(296,'8','4','10','12','2024-07-01 23:00:00'),(297,'9','3','13','13','2024-07-01 23:00:00'),(298,'4','2','6','14','2024-07-01 23:00:00'),(299,'12','4','17','15','2024-07-01 23:00:00'),(300,'9','4','12','16','2024-07-01 23:00:00'),(301,'24','6','36','17','2024-07-01 23:00:00'),(302,'17','10','22','18','2024-07-01 23:00:00'),(303,'18','5','26','19','2024-07-01 23:00:00'),(304,'12','7','16','20','2024-07-01 23:00:00'),(305,'16','6','22','21','2024-07-01 23:00:00'),(306,'11','5','15','22','2024-07-01 23:00:00'),(307,'0','0','0','23','2024-07-01 23:00:00'),(308,'18','5','26','24','2024-07-01 23:00:00'),(309,'14','4','20','25','2024-07-01 23:00:00'),(310,'17','4','26','26','2024-07-01 23:00:00'),(311,'13','5','18','27','2024-07-01 23:00:00'),(312,'0','5','0','28','2024-07-01 23:00:00'),(313,'0','5','0','29','2024-07-01 23:00:00'),(314,'15','4','23','30','2024-07-01 23:00:00'),(315,'23','7','34','31','2024-07-01 23:00:00'),(316,'16','6','23','32','2024-07-01 23:00:00'),(317,'20','5','30','33','2024-07-01 23:00:00'),(318,'12','5','17','35','2024-07-01 23:00:00'),(319,'23','5','35','36','2024-07-01 23:00:00'),(320,'18','8','25','37','2024-07-01 23:00:00'),(321,'13','3','20','38','2024-07-01 23:00:00'),(322,'12','4','17','39','2024-07-01 23:00:00'),(323,'16','5','23','40','2024-07-01 23:00:00'),(324,'23','10','31','41','2024-07-01 23:00:00'),(325,'14','4','20','42','2024-07-01 23:00:00'),(326,'16','7','22','43','2024-07-01 23:00:00'),(327,'18','8','24','44','2024-07-01 23:00:00'),(328,'19','8','26','45','2024-07-01 23:00:00'),(329,'16','6','22','46','2024-07-01 23:00:00'),(330,'16','5','24','47','2024-07-01 23:00:00'),(331,'0','3','0','48','2024-07-01 23:00:00'),(332,'9','2','13','1','2024-07-01 02:00:00'),(333,'8','3','12','2','2024-07-01 02:00:00'),(334,'20','7','28','3','2024-07-01 02:00:00'),(335,'7','3','9','4','2024-07-01 02:00:00'),(336,'7','6','8','5','2024-07-01 02:00:00'),(337,'9','4','12','6','2024-07-01 02:00:00'),(338,'7','3','9','7','2024-07-01 02:00:00'),(339,'5','5','5','8','2024-07-01 02:00:00'),(340,'9','3','13','9','2024-07-01 02:00:00'),(341,'12','8','14','10','2024-07-01 02:00:00'),(342,'6','4','8','11','2024-07-01 02:00:00'),(343,'0','4','0','12','2024-07-01 02:00:00'),(344,'8','3','11','13','2024-07-01 02:00:00'),(345,'7','3','9','14','2024-07-01 02:00:00'),(346,'7','4','9','15','2024-07-01 02:00:00'),(347,'5','3','7','16','2024-07-01 02:00:00'),(348,'19','5','28','17','2024-07-01 02:00:00'),(349,'10','8','12','18','2024-07-01 02:00:00'),(350,'4','3','4','19','2024-07-01 02:00:00'),(351,'8','6','10','20','2024-07-01 02:00:00'),(352,'9','5','11','21','2024-07-01 02:00:00'),(353,'11','4','15','22','2024-07-01 02:00:00'),(354,'11','4','15','23','2024-07-01 02:00:00'),(355,'9','5','12','24','2024-07-01 02:00:00'),(356,'9','4','13','25','2024-07-01 02:00:00'),(357,'9','4','12','26','2024-07-01 02:00:00'),(358,'7','4','9','27','2024-07-01 02:00:00'),(359,'0','4','0','28','2024-07-01 02:00:00'),(360,'14','5','20','29','2024-07-01 02:00:00'),(361,'12','3','18','30','2024-07-01 02:00:00'),(362,'12','4','18','31','2024-07-01 02:00:00'),(363,'13','6','18','32','2024-07-01 02:00:00'),(364,'9','4','12','33','2024-07-01 02:00:00'),(365,'8','5','10','35','2024-07-01 02:00:00'),(366,'15','5','21','36','2024-07-01 02:00:00'),(367,'9','7','11','37','2024-07-01 02:00:00'),(368,'9','2','13','38','2024-07-01 02:00:00'),(369,'0','3','0','39','2024-07-01 02:00:00'),(370,'13','3','20','40','2024-07-01 02:00:00'),(371,'11','7','13','41','2024-07-01 02:00:00'),(372,'8','4','11','42','2024-07-01 02:00:00'),(373,'11','7','13','43','2024-07-01 02:00:00'),(374,'11','7','13','44','2024-07-01 02:00:00'),(375,'10','7','12','45','2024-07-01 02:00:00'),(376,'9','5','12','46','2024-07-01 02:00:00'),(377,'8','4','11','47','2024-07-01 02:00:00'),(378,'0','3','0','48','2024-07-01 02:00:00'),(379,'8','2','12','1','2024-07-01 03:00:00'),(380,'8','3','12','2','2024-07-01 03:00:00'),(381,'11','8','13','3','2024-07-01 03:00:00'),(382,'7','3','10','4','2024-07-01 03:00:00'),(383,'9','5','11','5','2024-07-01 03:00:00'),(384,'12','5','16','6','2024-07-01 03:00:00'),(385,'9','3','13','7','2024-07-01 03:00:00'),(386,'7','5','8','8','2024-07-01 03:00:00'),(387,'12','4','17','9','2024-07-01 03:00:00'),(388,'12','8','15','10','2024-07-01 03:00:00'),(389,'8','4','10','11','2024-07-01 03:00:00'),(390,'5','4','6','12','2024-07-01 03:00:00'),(391,'5','3','7','13','2024-07-01 03:00:00'),(392,'6','3','8','14','2024-07-01 03:00:00'),(393,'11','6','14','15','2024-07-01 03:00:00'),(394,'6','4','7','16','2024-07-01 03:00:00'),(395,'13','6','18','17','2024-07-01 03:00:00'),(396,'10','9','10','18','2024-07-01 03:00:00'),(397,'4','3','4','19','2024-07-01 03:00:00'),(398,'8','6','10','20','2024-07-01 03:00:00'),(399,'9','5','12','21','2024-07-01 03:00:00'),(400,'8','4','10','22','2024-07-01 03:00:00'),(401,'12','5','17','23','2024-07-01 03:00:00'),(402,'12','5','16','24','2024-07-01 03:00:00'),(403,'13','4','19','25','2024-07-01 03:00:00'),(404,'10','4','14','26','2024-07-01 03:00:00'),(405,'9','4','12','27','2024-07-01 03:00:00'),(406,'0','4','0','28','2024-07-01 03:00:00'),(407,'14','6','20','29','2024-07-01 03:00:00'),(408,'14','3','22','30','2024-07-01 03:00:00'),(409,'12','4','18','31','2024-07-01 03:00:00'),(410,'11','6','15','32','2024-07-01 03:00:00'),(411,'9','4','13','33','2024-07-01 03:00:00'),(412,'9','4','12','35','2024-07-01 03:00:00'),(413,'18','5','27','36','2024-07-01 03:00:00'),(414,'10','7','12','37','2024-07-01 03:00:00'),(415,'10','4','14','38','2024-07-01 03:00:00'),(416,'0','3','0','39','2024-07-01 03:00:00'),(417,'13','3','20','40','2024-07-01 03:00:00'),(418,'13','8','16','41','2024-07-01 03:00:00'),(419,'8','4','10','42','2024-07-01 03:00:00'),(420,'12','8','15','43','2024-07-01 03:00:00'),(421,'11','7','14','44','2024-07-01 03:00:00'),(422,'13','7','17','45','2024-07-01 03:00:00'),(423,'10','5','14','46','2024-07-01 03:00:00'),(424,'9','4','13','47','2024-07-01 03:00:00'),(425,'9','4','13','48','2024-07-01 03:00:00'),(426,'9','2','13','1','2024-07-01 04:00:00'),(427,'9','2','13','2','2024-07-01 04:00:00'),(428,'12','8','15','3','2024-07-01 04:00:00'),(429,'7','3','10','4','2024-07-01 04:00:00'),(430,'10','6','13','5','2024-07-01 04:00:00'),(431,'14','5','20','6','2024-07-01 04:00:00'),(432,'12','3','18','7','2024-07-01 04:00:00'),(433,'7','5','8','8','2024-07-01 04:00:00'),(434,'13','5','18','9','2024-07-01 04:00:00'),(435,'13','8','17','10','2024-07-01 04:00:00'),(436,'8','4','11','11','2024-07-01 04:00:00'),(437,'5','4','6','12','2024-07-01 04:00:00'),(438,'5','3','6','13','2024-07-01 04:00:00'),(439,'0','3','0','14','2024-07-01 04:00:00'),(440,'17','8','23','15','2024-07-01 04:00:00'),(441,'7','5','8','16','2024-07-01 04:00:00'),(442,'17','6','24','17','2024-07-01 04:00:00'),(443,'11','9','12','18','2024-07-01 04:00:00'),(444,'5','3','7','19','2024-07-01 04:00:00'),(445,'9','6','11','20','2024-07-01 04:00:00'),(446,'11','5','15','21','2024-07-01 04:00:00'),(447,'9','4','12','22','2024-07-01 04:00:00'),(448,'12','5','17','23','2024-07-01 04:00:00'),(449,'13','5','19','24','2024-07-01 04:00:00'),(450,'14','5','20','25','2024-07-01 04:00:00'),(451,'13','3','20','26','2024-07-01 04:00:00'),(452,'8','4','11','27','2024-07-01 04:00:00'),(453,'0','4','0','28','2024-07-01 04:00:00'),(454,'14','6','19','29','2024-07-01 04:00:00'),(455,'15','3','23','30','2024-07-01 04:00:00'),(456,'14','4','20','31','2024-07-01 04:00:00'),(457,'12','5','17','32','2024-07-01 04:00:00'),(458,'10','4','14','33','2024-07-01 04:00:00'),(459,'7','3','9','35','2024-07-01 04:00:00'),(460,'18','4','27','36','2024-07-01 04:00:00'),(461,'11','7','14','37','2024-07-01 04:00:00'),(462,'9','4','12','38','2024-07-01 04:00:00'),(463,'13','3','20','39','2024-07-01 04:00:00'),(464,'14','3','21','40','2024-07-01 04:00:00'),(465,'15','8','19','41','2024-07-01 04:00:00'),(466,'10','5','14','42','2024-07-01 04:00:00'),(467,'12','7','15','43','2024-07-01 04:00:00'),(468,'14','7','19','44','2024-07-01 04:00:00'),(469,'14','7','18','45','2024-07-01 04:00:00'),(470,'14','5','20','46','2024-07-01 04:00:00'),(471,'11','4','15','47','2024-07-01 04:00:00'),(472,'11','4','15','48','2024-07-01 04:00:00'),(473,'9','2','13','1','2024-07-01 05:00:00'),(474,'8','3','11','2','2024-07-01 05:00:00'),(475,'12','8','14','3','2024-07-01 05:00:00'),(476,'10','3','14','4','2024-07-01 05:00:00'),(477,'13','5','18','5','2024-07-01 05:00:00'),(478,'11','5','15','6','2024-07-01 05:00:00'),(479,'12','4','17','7','2024-07-01 05:00:00'),(480,'6','7','6','8','2024-07-01 05:00:00'),(481,'12','5','17','9','2024-07-01 05:00:00'),(482,'13','11','15','10','2024-07-01 05:00:00'),(483,'12','4','17','11','2024-07-01 05:00:00'),(484,'0','4','0','12','2024-07-01 05:00:00'),(485,'4','3','5','13','2024-07-01 05:00:00'),(486,'7','3','9','14','2024-07-01 05:00:00'),(487,'19','9','26','15','2024-07-01 05:00:00'),(488,'7','5','8','16','2024-07-01 05:00:00'),(489,'14','5','20','17','2024-07-01 05:00:00'),(490,'11','9','12','18','2024-07-01 05:00:00'),(491,'5','3','7','19','2024-07-01 05:00:00'),(492,'8','6','10','20','2024-07-01 05:00:00'),(493,'10','5','14','21','2024-07-01 05:00:00'),(494,'11','4','16','22','2024-07-01 05:00:00'),(495,'12','5','17','23','2024-07-01 05:00:00'),(496,'12','5','16','24','2024-07-01 05:00:00'),(497,'15','5','22','25','2024-07-01 05:00:00'),(498,'14','4','21','26','2024-07-01 05:00:00'),(499,'8','4','10','27','2024-07-01 05:00:00'),(500,'0','4','0','28','2024-07-01 05:00:00'),(501,'14','6','19','29','2024-07-01 05:00:00'),(502,'14','3','21','30','2024-07-01 05:00:00'),(503,'16','5','24','31','2024-07-01 05:00:00'),(504,'13','5','18','32','2024-07-01 05:00:00'),(505,'10','4','14','33','2024-07-01 05:00:00'),(506,'10','5','13','35','2024-07-01 05:00:00'),(507,'19','5','28','36','2024-07-01 05:00:00'),(508,'11','6','15','37','2024-07-01 05:00:00'),(509,'13','4','19','38','2024-07-01 05:00:00'),(510,'14','3','21','39','2024-07-01 05:00:00'),(511,'14','3','21','40','2024-07-01 05:00:00'),(512,'19','8','26','41','2024-07-01 05:00:00'),(513,'12','7','16','42','2024-07-01 05:00:00'),(514,'13','8','16','43','2024-07-01 05:00:00'),(515,'13','7','17','44','2024-07-01 05:00:00'),(516,'14','7','19','45','2024-07-01 05:00:00'),(517,'13','6','18','46','2024-07-01 05:00:00'),(518,'11','4','15','47','2024-07-01 05:00:00'),(519,'11','4','15','48','2024-07-01 05:00:00'),(520,'11','3','16','1','2024-07-01 06:00:00'),(521,'10','4','14','2','2024-07-01 06:00:00'),(522,'13','9','15','3','2024-07-01 06:00:00'),(523,'8','4','11','4','2024-07-01 06:00:00'),(524,'10','6','12','5','2024-07-01 06:00:00'),(525,'12','8','14','6','2024-07-01 06:00:00'),(526,'15','6','21','7','2024-07-01 06:00:00'),(527,'9','8','10','8','2024-07-01 06:00:00'),(528,'13','5','18','9','2024-07-01 06:00:00'),(529,'13','12','14','10','2024-07-01 06:00:00'),(530,'13','6','17','11','2024-07-01 06:00:00'),(531,'5','4','6','12','2024-07-01 06:00:00'),(532,'8','3','11','13','2024-07-01 06:00:00'),(533,'8','3','11','14','2024-07-01 06:00:00'),(534,'20','9','28','15','2024-07-01 06:00:00'),(535,'7','5','8','16','2024-07-01 06:00:00'),(536,'18','5','26','17','2024-07-01 06:00:00'),(537,'13','10','15','18','2024-07-01 06:00:00'),(538,'9','5','11','19','2024-07-01 06:00:00'),(539,'8','6','10','20','2024-07-01 06:00:00'),(540,'13','6','17','21','2024-07-01 06:00:00'),(541,'12','6','16','22','2024-07-01 06:00:00'),(542,'14','6','19','23','2024-07-01 06:00:00'),(543,'13','5','18','24','2024-07-01 06:00:00'),(544,'18','6','26','25','2024-07-01 06:00:00'),(545,'13','4','19','26','2024-07-01 06:00:00'),(546,'11','4','15','27','2024-07-01 06:00:00'),(547,'0','4','0','28','2024-07-01 06:00:00'),(548,'0','6','0','29','2024-07-01 06:00:00'),(549,'13','3','19','30','2024-07-01 06:00:00'),(550,'17','6','25','31','2024-07-01 06:00:00'),(551,'11','5','15','32','2024-07-01 06:00:00'),(552,'12','5','17','33','2024-07-01 06:00:00'),(553,'11','7','14','35','2024-07-01 06:00:00'),(554,'24','5','36','36','2024-07-01 06:00:00'),(555,'11','7','14','37','2024-07-01 06:00:00'),(556,'13','4','19','38','2024-07-01 06:00:00'),(557,'11','3','17','39','2024-07-01 06:00:00'),(558,'16','5','24','40','2024-07-01 06:00:00'),(559,'21','10','28','41','2024-07-01 06:00:00'),(560,'13','8','17','42','2024-07-01 06:00:00'),(561,'14','8','18','43','2024-07-01 06:00:00'),(562,'14','9','18','44','2024-07-01 06:00:00'),(563,'17','10','21','45','2024-07-01 06:00:00'),(564,'16','6','22','46','2024-07-01 06:00:00'),(565,'15','5','22','47','2024-07-01 06:00:00'),(566,'0','4','0','48','2024-07-01 06:00:00'),(567,'13','3','20','1','2024-07-01 07:00:00'),(568,'9','4','13','2','2024-07-01 07:00:00'),(569,'14','10','17','3','2024-07-01 07:00:00'),(570,'8','4','11','4','2024-07-01 07:00:00'),(571,'8','6','9','5','2024-07-01 07:00:00'),(572,'16','8','22','6','2024-07-01 07:00:00'),(573,'14','6','19','7','2024-07-01 07:00:00'),(574,'11','9','13','8','2024-07-01 07:00:00'),(575,'14','7','18','9','2024-07-01 07:00:00'),(576,'13','13','13','10','2024-07-01 07:00:00'),(577,'13','7','17','11','2024-07-01 07:00:00'),(578,'6','4','8','12','2024-07-01 07:00:00'),(579,'11','3','17','13','2024-07-01 07:00:00'),(580,'10','5','14','14','2024-07-01 07:00:00'),(581,'19','11','25','15','2024-07-01 07:00:00'),(582,'9','6','11','16','2024-07-01 07:00:00'),(583,'0','5','0','17','2024-07-01 07:00:00'),(584,'13','12','14','18','2024-07-01 07:00:00'),(585,'13','5','18','19','2024-07-01 07:00:00'),(586,'9','7','11','20','2024-07-01 07:00:00'),(587,'15','6','21','21','2024-07-01 07:00:00'),(588,'14','6','20','22','2024-07-01 07:00:00'),(589,'11','6','15','23','2024-07-01 07:00:00'),(590,'16','5','23','24','2024-07-01 07:00:00'),(591,'19','5','28','25','2024-07-01 07:00:00'),(592,'15','5','21','26','2024-07-01 07:00:00'),(593,'12','5','16','27','2024-07-01 07:00:00'),(594,'0','3','0','28','2024-07-01 07:00:00'),(595,'15','6','21','29','2024-07-01 07:00:00'),(596,'14','3','21','30','2024-07-01 07:00:00'),(597,'17','7','23','31','2024-07-01 07:00:00'),(598,'10','5','13','32','2024-07-01 07:00:00'),(599,'15','6','21','33','2024-07-01 07:00:00'),(600,'13','6','18','35','2024-07-01 07:00:00'),(601,'22','8','31','36','2024-07-01 07:00:00'),(602,'18','11','22','37','2024-07-01 07:00:00'),(603,'15','4','22','38','2024-07-01 07:00:00'),(604,'14','4','21','39','2024-07-01 07:00:00'),(605,'18','4','28','40','2024-07-01 07:00:00'),(606,'20','10','26','41','2024-07-01 07:00:00'),(607,'14','8','18','42','2024-07-01 07:00:00'),(608,'15','10','18','43','2024-07-01 07:00:00'),(609,'16','10','20','44','2024-07-01 07:00:00'),(610,'18','12','22','45','2024-07-01 07:00:00'),(611,'15','7','20','46','2024-07-01 07:00:00'),(612,'17','8','23','47','2024-07-01 07:00:00'),(613,'15','5','21','48','2024-07-01 07:00:00'),(614,'15','3','23','1','2024-07-01 08:00:00'),(615,'9','5','11','2','2024-07-01 08:00:00'),(616,'13','11','14','3','2024-07-01 08:00:00'),(617,'10','4','14','4','2024-07-01 08:00:00'),(618,'12','8','14','5','2024-07-01 08:00:00'),(619,'0','7','0','6','2024-07-01 08:00:00'),(620,'18','7','26','7','2024-07-01 08:00:00'),(621,'12','8','15','8','2024-07-01 08:00:00'),(622,'12','5','17','9','2024-07-01 08:00:00'),(623,'13','11','14','10','2024-07-01 08:00:00'),(624,'15','6','21','11','2024-07-01 08:00:00'),(625,'0','4','0','12','2024-07-01 08:00:00'),(626,'9','4','12','13','2024-07-01 08:00:00'),(627,'10','5','13','14','2024-07-01 08:00:00'),(628,'17','9','22','15','2024-07-01 08:00:00'),(629,'10','6','13','16','2024-07-01 08:00:00'),(630,'0','5','0','17','2024-07-01 08:00:00'),(631,'14','11','16','18','2024-07-01 08:00:00'),(632,'11','5','15','19','2024-07-01 08:00:00'),(633,'11','9','13','20','2024-07-01 08:00:00'),(634,'16','6','23','21','2024-07-01 08:00:00'),(635,'13','6','18','22','2024-07-01 08:00:00'),(636,'17','6','24','23','2024-07-01 08:00:00'),(637,'16','5','24','24','2024-07-01 08:00:00'),(638,'16','5','24','25','2024-07-01 08:00:00'),(639,'16','5','23','26','2024-07-01 08:00:00'),(640,'11','4','16','27','2024-07-01 08:00:00'),(641,'0','4','0','28','2024-07-01 08:00:00'),(642,'18','5','26','29','2024-07-01 08:00:00'),(643,'10','3','15','30','2024-07-01 08:00:00'),(644,'15','5','22','31','2024-07-01 08:00:00'),(645,'11','5','15','32','2024-07-01 08:00:00'),(646,'17','6','24','33','2024-07-01 08:00:00'),(647,'10','6','12','35','2024-07-01 08:00:00'),(648,'24','7','35','36','2024-07-01 08:00:00'),(649,'18','10','23','37','2024-07-01 08:00:00'),(650,'21','5','32','38','2024-07-01 08:00:00'),(651,'14','3','22','39','2024-07-01 08:00:00'),(652,'16','5','24','40','2024-07-01 08:00:00'),(653,'18','11','22','41','2024-07-01 08:00:00'),(654,'17','7','23','42','2024-07-01 08:00:00'),(655,'16','12','18','43','2024-07-01 08:00:00'),(656,'17','12','21','44','2024-07-01 08:00:00'),(657,'19','12','23','45','2024-07-01 08:00:00'),(658,'21','7','31','46','2024-07-01 08:00:00'),(659,'36','8','54','47','2024-07-01 08:00:00'),(660,'19','5','29','48','2024-07-01 08:00:00'),(661,'16','3','25','1','2024-07-01 09:00:00'),(662,'10','5','14','2','2024-07-01 09:00:00'),(663,'17','10','21','3','2024-07-01 09:00:00'),(664,'11','4','16','4','2024-07-01 09:00:00'),(665,'12','8','14','5','2024-07-01 09:00:00'),(666,'19','7','27','6','2024-07-01 09:00:00'),(667,'20','9','28','7','2024-07-01 09:00:00'),(668,'12','7','15','8','2024-07-01 09:00:00'),(669,'12','5','17','9','2024-07-01 09:00:00'),(670,'17','12','21','10','2024-07-01 09:00:00'),(671,'14','6','19','11','2024-07-01 09:00:00'),(672,'0','4','0','12','2024-07-01 09:00:00'),(673,'9','4','12','13','2024-07-01 09:00:00'),(674,'9','4','13','14','2024-07-01 09:00:00'),(675,'18','9','24','15','2024-07-01 09:00:00'),(676,'10','6','12','16','2024-07-01 09:00:00'),(677,'21','5','31','17','2024-07-01 09:00:00'),(678,'15','10','19','18','2024-07-01 09:00:00'),(679,'8','4','11','19','2024-07-01 09:00:00'),(680,'11','8','13','20','2024-07-01 09:00:00'),(681,'14','5','20','21','2024-07-01 09:00:00'),(682,'12','5','17','22','2024-07-01 09:00:00'),(683,'16','6','22','23','2024-07-01 09:00:00'),(684,'14','4','21','24','2024-07-01 09:00:00'),(685,'0','4','0','25','2024-07-01 09:00:00'),(686,'12','5','17','26','2024-07-01 09:00:00'),(687,'11','4','15','27','2024-07-01 09:00:00'),(688,'0','3','0','28','2024-07-01 09:00:00'),(689,'24','5','36','29','2024-07-01 09:00:00'),(690,'10','3','14','30','2024-07-01 09:00:00'),(691,'14','4','20','31','2024-07-01 09:00:00'),(692,'10','4','14','32','2024-07-01 09:00:00'),(693,'16','6','23','33','2024-07-01 09:00:00'),(694,'12','7','15','35','2024-07-01 09:00:00'),(695,'21','7','31','36','2024-07-01 09:00:00'),(696,'17','8','23','37','2024-07-01 09:00:00'),(697,'21','4','32','38','2024-07-01 09:00:00'),(698,'13','3','20','39','2024-07-01 09:00:00'),(699,'15','5','21','40','2024-07-01 09:00:00'),(700,'21','11','28','41','2024-07-01 09:00:00'),(701,'15','7','21','42','2024-07-01 09:00:00'),(702,'18','11','23','43','2024-07-01 09:00:00'),(703,'21','11','28','44','2024-07-01 09:00:00'),(704,'18','10','24','45','2024-07-01 09:00:00'),(705,'22','8','31','46','2024-07-01 09:00:00'),(706,'0','0','0','47','2024-07-01 09:00:00'),(707,'19','6','28','48','2024-07-01 09:00:00'),(708,'17','5','25','1','2024-07-01 10:00:00'),(709,'10','4','14','2','2024-07-01 10:00:00'),(710,'18','10','24','3','2024-07-01 10:00:00'),(711,'9','4','12','4','2024-07-01 10:00:00'),(712,'12','9','14','5','2024-07-01 10:00:00'),(713,'20','7','29','6','2024-07-01 10:00:00'),(714,'18','7','26','7','2024-07-01 10:00:00'),(715,'12','7','16','8','2024-07-01 10:00:00'),(716,'16','6','23','9','2024-07-01 10:00:00'),(717,'17','10','21','10','2024-07-01 10:00:00'),(718,'13','6','17','11','2024-07-01 10:00:00'),(719,'8','4','11','12','2024-07-01 10:00:00'),(720,'9','3','13','13','2024-07-01 10:00:00'),(721,'10','5','14','14','2024-07-01 10:00:00'),(722,'19','9','25','15','2024-07-01 10:00:00'),(723,'13','8','17','16','2024-07-01 10:00:00'),(724,'0','5','0','17','2024-07-01 10:00:00'),(725,'19','11','24','18','2024-07-01 10:00:00'),(726,'9','3','13','19','2024-07-01 10:00:00'),(727,'12','8','14','20','2024-07-01 10:00:00'),(728,'0','0','0','21','2024-07-01 10:00:00'),(729,'12','5','16','22','2024-07-01 10:00:00'),(730,'21','7','30','23','2024-07-01 10:00:00'),(731,'15','4','22','24','2024-07-01 10:00:00'),(732,'9','4','13','25','2024-07-01 10:00:00'),(733,'10','4','14','26','2024-07-01 10:00:00'),(734,'10','4','14','27','2024-07-01 10:00:00'),(735,'0','3','0','28','2024-07-01 10:00:00'),(736,'18','4','27','29','2024-07-01 10:00:00'),(737,'16','3','24','30','2024-07-01 10:00:00'),(738,'13','3','20','31','2024-07-01 10:00:00'),(739,'9','4','13','32','2024-07-01 10:00:00'),(740,'21','11','28','33','2024-07-01 10:00:00'),(741,'15','8','19','35','2024-07-01 10:00:00'),(742,'21','7','31','36','2024-07-01 10:00:00'),(743,'19','7','27','37','2024-07-01 10:00:00'),(744,'15','4','22','38','2024-07-01 10:00:00'),(745,'13','3','19','39','2024-07-01 10:00:00'),(746,'18','5','27','40','2024-07-01 10:00:00'),(747,'19','10','25','41','2024-07-01 10:00:00'),(748,'15','7','20','42','2024-07-01 10:00:00'),(749,'19','9','25','43','2024-07-01 10:00:00'),(750,'19','9','25','44','2024-07-01 10:00:00'),(751,'18','9','24','45','2024-07-01 10:00:00'),(752,'21','8','29','46','2024-07-01 10:00:00'),(753,'0','0','0','47','2024-07-01 10:00:00'),(754,'16','5','23','48','2024-07-01 10:00:00'),(755,'18','4','27','1','2024-07-01 11:00:00'),(756,'11','4','16','2','2024-07-01 11:00:00'),(757,'20','10','26','3','2024-07-01 11:00:00'),(758,'11','4','15','4','2024-07-01 11:00:00'),(759,'15','7','21','5','2024-07-01 11:00:00'),(760,'19','6','28','6','2024-07-01 11:00:00'),(761,'17','5','25','7','2024-07-01 11:00:00'),(762,'12','7','16','8','2024-07-01 11:00:00'),(763,'18','5','27','9','2024-07-01 11:00:00'),(764,'15','10','19','10','2024-07-01 11:00:00'),(765,'12','5','17','11','2024-07-01 11:00:00'),(766,'12','4','18','12','2024-07-01 11:00:00'),(767,'14','8','18','13','2024-07-01 11:00:00'),(768,'15','3','23','14','2024-07-01 11:00:00'),(769,'18','8','24','15','2024-07-01 11:00:00'),(770,'14','7','18','16','2024-07-01 11:00:00'),(771,'17','5','25','17','2024-07-01 11:00:00'),(772,'17','10','22','18','2024-07-01 11:00:00'),(773,'11','4','16','19','2024-07-01 11:00:00'),(774,'13','7','17','20','2024-07-01 11:00:00'),(775,'0','0','0','21','2024-07-01 11:00:00'),(776,'16','5','24','22','2024-07-01 11:00:00'),(777,'18','7','26','23','2024-07-01 11:00:00'),(778,'0','0','0','24','2024-07-01 11:00:00'),(779,'12','5','17','25','2024-07-01 11:00:00'),(780,'9','3','13','26','2024-07-01 11:00:00'),(781,'12','5','16','27','2024-07-01 11:00:00'),(782,'0','3','0','28','2024-07-01 11:00:00'),(783,'0','4','0','29','2024-07-01 11:00:00'),(784,'9','3','13','30','2024-07-01 11:00:00'),(785,'12','4','18','31','2024-07-01 11:00:00'),(786,'12','4','18','32','2024-07-01 11:00:00'),(787,'21','11','27','33','2024-07-01 11:00:00'),(788,'20','9','28','35','2024-07-01 11:00:00'),(789,'21','7','30','36','2024-07-01 11:00:00'),(790,'19','8','27','37','2024-07-01 11:00:00'),(791,'12','4','17','38','2024-07-01 11:00:00'),(792,'12','3','18','39','2024-07-01 11:00:00'),(793,'0','0','0','40','2024-07-01 11:00:00'),(794,'22','11','29','41','2024-07-01 11:00:00'),(795,'17','6','24','42','2024-07-01 11:00:00'),(796,'17','8','23','43','2024-07-01 11:00:00'),(797,'17','9','23','44','2024-07-01 11:00:00'),(798,'18','9','24','45','2024-07-01 11:00:00'),(799,'0','0','0','46','2024-07-01 11:00:00'),(800,'17','6','25','47','2024-07-01 11:00:00'),(801,'14','5','20','48','2024-07-01 11:00:00'),(802,'18','4','28','1','2024-07-01 12:00:00'),(803,'15','6','21','2','2024-07-01 12:00:00'),(804,'22','9','30','3','2024-07-01 12:00:00'),(805,'13','5','18','4','2024-07-01 12:00:00'),(806,'13','6','17','5','2024-07-01 12:00:00'),(807,'0','0','0','6','2024-07-01 12:00:00'),(808,'19','6','27','7','2024-07-01 12:00:00'),(809,'14','7','19','8','2024-07-01 12:00:00'),(810,'12','4','17','9','2024-07-01 12:00:00'),(811,'21','10','28','10','2024-07-01 12:00:00'),(812,'10','4','14','11','2024-07-01 12:00:00'),(813,'12','4','17','12','2024-07-01 12:00:00'),(814,'15','3','23','13','2024-07-01 12:00:00'),(815,'10','3','15','14','2024-07-01 12:00:00'),(816,'12','5','16','15','2024-07-01 12:00:00'),(817,'14','7','19','16','2024-07-01 12:00:00'),(818,'17','5','25','17','2024-07-01 12:00:00'),(819,'17','9','22','18','2024-07-01 12:00:00'),(820,'14','5','20','19','2024-07-01 12:00:00'),(821,'14','7','18','20','2024-07-01 12:00:00'),(822,'15','4','23','21','2024-07-01 12:00:00'),(823,'19','6','27','22','2024-07-01 12:00:00'),(824,'0','0','0','23','2024-07-01 12:00:00'),(825,'12','4','18','24','2024-07-01 12:00:00'),(826,'12','5','16','25','2024-07-01 12:00:00'),(827,'10','3','15','26','2024-07-01 12:00:00'),(828,'15','6','21','27','2024-07-01 12:00:00'),(829,'0','3','0','28','2024-07-01 12:00:00'),(830,'0','3','0','29','2024-07-01 12:00:00'),(831,'10','3','14','30','2024-07-01 12:00:00'),(832,'13','3','19','31','2024-07-01 12:00:00'),(833,'14','4','20','32','2024-07-01 12:00:00'),(834,'28','15','37','33','2024-07-01 12:00:00'),(835,'29','11','41','35','2024-07-01 12:00:00'),(836,'23','6','35','36','2024-07-01 12:00:00'),(837,'22','8','31','37','2024-07-01 12:00:00'),(838,'11','3','16','38','2024-07-01 12:00:00'),(839,'0','0','0','39','2024-07-01 12:00:00'),(840,'21','5','32','40','2024-07-01 12:00:00'),(841,'22','9','30','41','2024-07-01 12:00:00'),(842,'16','5','23','42','2024-07-01 12:00:00'),(843,'16','8','21','43','2024-07-01 12:00:00'),(844,'19','9','25','44','2024-07-01 12:00:00'),(845,'21','10','28','45','2024-07-01 12:00:00'),(846,'0','0','0','46','2024-07-01 12:00:00'),(847,'14','5','20','47','2024-07-01 12:00:00'),(848,'13','5','19','48','2024-07-01 12:00:00'),(849,'17','4','26','1','2024-07-01 13:00:00'),(850,'16','5','24','2','2024-07-01 13:00:00'),(851,'0','0','0','3','2024-07-01 13:00:00'),(852,'14','5','20','4','2024-07-01 13:00:00'),(853,'14','6','19','5','2024-07-01 13:00:00'),(854,'0','0','0','6','2024-07-01 13:00:00'),(855,'20','6','29','7','2024-07-01 13:00:00'),(856,'16','7','22','8','2024-07-01 13:00:00'),(857,'14','3','21','9','2024-07-01 13:00:00'),(858,'22','12','28','10','2024-07-01 13:00:00'),(859,'11','4','15','11','2024-07-01 13:00:00'),(860,'17','4','25','12','2024-07-01 13:00:00'),(861,'14','3','22','13','2024-07-01 13:00:00'),(862,'0','4','0','14','2024-07-01 13:00:00'),(863,'11','5','15','15','2024-07-01 13:00:00'),(864,'15','7','21','16','2024-07-01 13:00:00'),(865,'0','4','0','17','2024-07-01 13:00:00'),(866,'18','8','24','18','2024-07-01 13:00:00'),(867,'15','5','21','19','2024-07-01 13:00:00'),(868,'14','7','19','20','2024-07-01 13:00:00'),(869,'18','4','27','21','2024-07-01 13:00:00'),(870,'23','6','35','22','2024-07-01 13:00:00'),(871,'0','0','0','23','2024-07-01 13:00:00'),(872,'14','4','21','24','2024-07-01 13:00:00'),(873,'11','4','16','25','2024-07-01 13:00:00'),(874,'0','0','0','26','2024-07-01 13:00:00'),(875,'15','6','21','27','2024-07-01 13:00:00'),(876,'0','3','0','28','2024-07-01 13:00:00'),(877,'0','3','0','29','2024-07-01 13:00:00'),(878,'15','3','23','30','2024-07-01 13:00:00'),(879,'15','3','23','31','2024-07-01 13:00:00'),(880,'11','4','16','32','2024-07-01 13:00:00'),(881,'31','20','38','33','2024-07-01 13:00:00'),(882,'27','11','37','35','2024-07-01 13:00:00'),(883,'23','6','35','36','2024-07-01 13:00:00'),(884,'22','6','32','37','2024-07-01 13:00:00'),(885,'0','3','0','38','2024-07-01 13:00:00'),(886,'0','0','0','39','2024-07-01 13:00:00'),(887,'15','4','23','40','2024-07-01 13:00:00'),(888,'18','8','25','41','2024-07-01 13:00:00'),(889,'12','4','18','42','2024-07-01 13:00:00'),(890,'20','9','27','43','2024-07-01 13:00:00'),(891,'21','9','29','44','2024-07-01 13:00:00'),(892,'24','9','34','45','2024-07-01 13:00:00'),(893,'20','6','29','46','2024-07-01 13:00:00'),(894,'17','6','25','47','2024-07-01 13:00:00'),(895,'0','5','0','48','2024-07-01 13:00:00'),(896,'19','4','29','1','2024-07-01 14:00:00'),(897,'17','6','24','2','2024-07-01 14:00:00'),(898,'0','0','0','3','2024-07-01 14:00:00'),(899,'14','6','19','4','2024-07-01 14:00:00'),(900,'13','6','17','5','2024-07-01 14:00:00'),(901,'31','8','46','6','2024-07-01 14:00:00'),(902,'0','0','0','7','2024-07-01 14:00:00'),(903,'16','7','22','8','2024-07-01 14:00:00'),(904,'15','3','23','9','2024-07-01 14:00:00'),(905,'26','13','35','10','2024-07-01 14:00:00'),(906,'13','5','19','11','2024-07-01 14:00:00'),(907,'0','0','0','12','2024-07-01 14:00:00'),(908,'13','4','19','13','2024-07-01 14:00:00'),(909,'17','3','26','14','2024-07-01 14:00:00'),(910,'12','5','17','15','2024-07-01 14:00:00'),(911,'14','6','19','16','2024-07-01 14:00:00'),(912,'15','4','22','17','2024-07-01 14:00:00'),(913,'21','9','29','18','2024-07-01 14:00:00'),(914,'13','4','19','19','2024-07-01 14:00:00'),(915,'18','7','25','20','2024-07-01 14:00:00'),(916,'17','4','25','21','2024-07-01 14:00:00'),(917,'19','5','28','22','2024-07-01 14:00:00'),(918,'0','0','0','23','2024-07-01 14:00:00'),(919,'11','3','17','24','2024-07-01 14:00:00'),(920,'13','4','19','25','2024-07-01 14:00:00'),(921,'0','0','0','26','2024-07-01 14:00:00'),(922,'12','5','17','27','2024-07-01 14:00:00'),(923,'0','3','0','28','2024-07-01 14:00:00'),(924,'0','3','0','29','2024-07-01 14:00:00'),(925,'13','3','20','30','2024-07-01 14:00:00'),(926,'13','3','19','31','2024-07-01 14:00:00'),(927,'14','4','21','32','2024-07-01 14:00:00'),(928,'54','17','79','33','2024-07-01 14:00:00'),(929,'19','8','26','35','2024-07-01 14:00:00'),(930,'21','6','31','36','2024-07-01 14:00:00'),(931,'24','8','35','37','2024-07-01 14:00:00'),(932,'12','3','18','38','2024-07-01 14:00:00'),(933,'11','3','16','39','2024-07-01 14:00:00'),(934,'15','4','22','40','2024-07-01 14:00:00'),(935,'16','9','20','41','2024-07-01 14:00:00'),(936,'12','4','18','42','2024-07-01 14:00:00'),(937,'21','8','29','43','2024-07-01 14:00:00'),(938,'22','9','31','44','2024-07-01 14:00:00'),(939,'26','9','37','45','2024-07-01 14:00:00'),(940,'25','6','37','46','2024-07-01 14:00:00'),(941,'20','5','30','47','2024-07-01 14:00:00'),(942,'20','5','30','48','2024-07-01 14:00:00'),(943,'0','0','0','1','2024-07-01 15:00:00'),(944,'15','4','23','2','2024-07-01 15:00:00'),(945,'22','9','30','3','2024-07-01 15:00:00'),(946,'15','7','20','4','2024-07-01 15:00:00'),(947,'13','6','18','5','2024-07-01 15:00:00'),(948,'27','7','41','6','2024-07-01 15:00:00'),(949,'0','0','0','7','2024-07-01 15:00:00'),(950,'16','6','23','8','2024-07-01 15:00:00'),(951,'12','4','18','9','2024-07-01 15:00:00'),(952,'26','13','35','10','2024-07-01 15:00:00'),(953,'17','5','25','11','2024-07-01 15:00:00'),(954,'0','0','0','12','2024-07-01 15:00:00'),(955,'15','5','21','13','2024-07-01 15:00:00'),(956,'0','3','0','14','2024-07-01 15:00:00'),(957,'22','9','31','15','2024-07-01 15:00:00'),(958,'10','5','13','16','2024-07-01 15:00:00'),(959,'16','4','24','17','2024-07-01 15:00:00'),(960,'25','10','35','18','2024-07-01 15:00:00'),(961,'14','4','21','19','2024-07-01 15:00:00'),(962,'19','8','27','20','2024-07-01 15:00:00'),(963,'17','4','26','21','2024-07-01 15:00:00'),(964,'19','6','28','22','2024-07-01 15:00:00'),(965,'0','0','0','23','2024-07-01 15:00:00'),(966,'19','3','30','24','2024-07-01 15:00:00'),(967,'14','4','20','25','2024-07-01 15:00:00'),(968,'12','4','18','26','2024-07-01 15:00:00'),(969,'11','4','15','27','2024-07-01 15:00:00'),(970,'0','3','0','28','2024-07-01 15:00:00'),(971,'0','3','0','29','2024-07-01 15:00:00'),(972,'15','3','23','30','2024-07-01 15:00:00'),(973,'14','3','22','31','2024-07-01 15:00:00'),(974,'13','5','18','32','2024-07-01 15:00:00'),(975,'38','11','56','33','2024-07-01 15:00:00'),(976,'17','5','25','35','2024-07-01 15:00:00'),(977,'24','6','36','36','2024-07-01 15:00:00'),(978,'20','7','28','37','2024-07-01 15:00:00'),(979,'0','0','0','38','2024-07-01 15:00:00'),(980,'13','4','19','39','2024-07-01 15:00:00'),(981,'18','6','26','40','2024-07-01 15:00:00'),(982,'23','10','32','41','2024-07-01 15:00:00'),(983,'14','6','19','42','2024-07-01 15:00:00'),(984,'22','9','31','43','2024-07-01 15:00:00'),(985,'23','8','33','44','2024-07-01 15:00:00'),(986,'23','9','33','45','2024-07-01 15:00:00'),(987,'20','6','29','46','2024-07-01 15:00:00'),(988,'20','5','30','47','2024-07-01 15:00:00'),(989,'19','5','29','48','2024-07-01 15:00:00'),(990,'15','18','13','1','2024-07-01 16:00:00'),(991,'17','5','25','2','2024-07-01 16:00:00'),(992,'24','9','34','3','2024-07-01 16:00:00'),(993,'16','8','21','4','2024-07-01 16:00:00'),(994,'12','6','16','5','2024-07-01 16:00:00'),(995,'22','7','32','6','2024-07-01 16:00:00'),(996,'0','0','0','7','2024-07-01 16:00:00'),(997,'16','6','23','8','2024-07-01 16:00:00'),(998,'22','5','34','9','2024-07-01 16:00:00'),(999,'25','12','33','10','2024-07-01 16:00:00'),(1000,'13','5','19','11','2024-07-01 16:00:00'),(1001,'0','0','0','12','2024-07-01 16:00:00'),(1002,'13','3','20','13','2024-07-01 16:00:00'),(1003,'0','3','0','14','2024-07-01 16:00:00'),(1004,'20','9','27','15','2024-07-01 16:00:00'),(1005,'10','5','14','16','2024-07-01 16:00:00'),(1006,'23','6','34','17','2024-07-01 16:00:00'),(1007,'26','10','37','18','2024-07-01 16:00:00'),(1008,'18','5','27','19','2024-07-01 16:00:00'),(1009,'21','7','30','20','2024-07-01 16:00:00'),(1010,'14','4','20','21','2024-07-01 16:00:00'),(1011,'16','6','23','22','2024-07-01 16:00:00'),(1012,'0','0','0','23','2024-07-01 16:00:00'),(1013,'19','3','29','24','2024-07-01 16:00:00'),(1014,'21','5','31','25','2024-07-01 16:00:00'),(1015,'14','3','21','26','2024-07-01 16:00:00'),(1016,'11','4','16','27','2024-07-01 16:00:00'),(1017,'0','3','0','28','2024-07-01 16:00:00'),(1018,'0','0','0','29','2024-07-01 16:00:00'),(1019,'0','0','0','30','2024-07-01 16:00:00'),(1020,'15','3','23','31','2024-07-01 16:00:00'),(1021,'12','5','17','32','2024-07-01 16:00:00'),(1022,'40','14','58','33','2024-07-01 16:00:00'),(1023,'18','5','26','35','2024-07-01 16:00:00'),(1024,'0','5','0','36','2024-07-01 16:00:00'),(1025,'23','7','33','37','2024-07-01 16:00:00'),(1026,'0','0','0','38','2024-07-01 16:00:00'),(1027,'17','6','24','39','2024-07-01 16:00:00'),(1028,'0','8','0','40','2024-07-01 16:00:00'),(1029,'30','13','42','41','2024-07-01 16:00:00'),(1030,'16','8','22','42','2024-07-01 16:00:00'),(1031,'23','10','32','43','2024-07-01 16:00:00'),(1032,'23','10','31','44','2024-07-01 16:00:00'),(1033,'19','9','25','45','2024-07-01 16:00:00'),(1034,'20','6','29','46','2024-07-01 16:00:00'),(1035,'18','4','28','47','2024-07-01 16:00:00'),(1036,'15','5','22','48','2024-07-01 16:00:00'),(1037,'19','5','28','1','2024-07-01 17:00:00'),(1038,'18','5','26','2','2024-07-01 17:00:00'),(1039,'20','9','28','3','2024-07-01 17:00:00'),(1040,'9','5','12','4','2024-07-01 17:00:00'),(1041,'12','6','16','5','2024-07-01 17:00:00'),(1042,'19','7','27','6','2024-07-01 17:00:00'),(1043,'0','0','0','7','2024-07-01 17:00:00'),(1044,'14','6','20','8','2024-07-01 17:00:00'),(1045,'24','5','36','9','2024-07-01 17:00:00'),(1046,'0','0','0','10','2024-07-01 17:00:00'),(1047,'15','5','21','11','2024-07-01 17:00:00'),(1048,'10','5','13','12','2024-07-01 17:00:00'),(1049,'12','3','18','13','2024-07-01 17:00:00'),(1050,'15','2','24','14','2024-07-01 17:00:00'),(1051,'16','6','23','15','2024-07-01 17:00:00'),(1052,'12','7','15','16','2024-07-01 17:00:00'),(1053,'23','6','34','17','2024-07-01 17:00:00'),(1054,'25','10','35','18','2024-07-01 17:00:00'),(1055,'18','5','26','19','2024-07-01 17:00:00'),(1056,'20','6','29','20','2024-07-01 17:00:00'),(1057,'13','4','19','21','2024-07-01 17:00:00'),(1058,'18','5','27','22','2024-07-01 17:00:00'),(1059,'0','0','0','23','2024-07-01 17:00:00'),(1060,'14','3','22','24','2024-07-01 17:00:00'),(1061,'18','5','27','25','2024-07-01 17:00:00'),(1062,'19','3','29','26','2024-07-01 17:00:00'),(1063,'11','4','16','27','2024-07-01 17:00:00'),(1064,'0','5','0','28','2024-07-01 17:00:00'),(1065,'0','3','0','29','2024-07-01 17:00:00'),(1066,'0','0','0','30','2024-07-01 17:00:00'),(1067,'18','3','28','31','2024-07-01 17:00:00'),(1068,'16','5','23','32','2024-07-01 17:00:00'),(1069,'26','8','38','33','2024-07-01 17:00:00'),(1070,'18','8','25','35','2024-07-01 17:00:00'),(1071,'22','6','32','36','2024-07-01 17:00:00'),(1072,'23','10','32','37','2024-07-01 17:00:00'),(1073,'23','4','36','38','2024-07-01 17:00:00'),(1074,'16','5','23','39','2024-07-01 17:00:00'),(1075,'22','6','33','40','2024-07-01 17:00:00'),(1076,'32','10','47','41','2024-07-01 17:00:00'),(1077,'16','5','24','42','2024-07-01 17:00:00'),(1078,'22','9','30','43','2024-07-01 17:00:00'),(1079,'23','9','32','44','2024-07-01 17:00:00'),(1080,'20','9','28','45','2024-07-01 17:00:00'),(1081,'17','6','25','46','2024-07-01 17:00:00'),(1082,'21','5','31','47','2024-07-01 17:00:00'),(1083,'20','5','30','48','2024-07-01 17:00:00');
/*!40000 ALTER TABLE `pollution_index` ENABLE KEYS */;
UNLOCK TABLES;

--
-- Table structure for table `predict_request`
--

DROP TABLE IF EXISTS `predict_request`;
/*!40101 SET @saved_cs_client     = @@character_set_client */;
/*!50503 SET character_set_client = utf8mb4 */;
CREATE TABLE `predict_request` (
  `seq` int NOT NULL AUTO_INCREMENT,
  `region_id` int NOT NULL,
  `request_time` datetime NOT NULL DEFAULT CURRENT_TIMESTAMP,
  PRIMARY KEY (`seq`)
) ENGINE=InnoDB AUTO_INCREMENT=2 DEFAULT CHARSET=utf8mb4 COLLATE=utf8mb4_0900_ai_ci;
/*!40101 SET character_set_client = @saved_cs_client */;

--
-- Dumping data for table `predict_request`
--

LOCK TABLES `predict_request` WRITE;
/*!40000 ALTER TABLE `predict_request` DISABLE KEYS */;
INSERT INTO `predict_request` VALUES (1,5,'2024-07-17 11:02:27');
/*!40000 ALTER TABLE `predict_request` ENABLE KEYS */;
UNLOCK TABLES;

--
-- Table structure for table `question_board`
--

DROP TABLE IF EXISTS `question_board`;
/*!40101 SET @saved_cs_client     = @@character_set_client */;
/*!50503 SET character_set_client = utf8mb4 */;
CREATE TABLE `question_board` (
  `seq` int NOT NULL AUTO_INCREMENT,
  `title` varchar(100) NOT NULL,
  `content` text NOT NULL,
  `is_answered` tinyint NOT NULL DEFAULT '0',
  `created_date` timestamp NOT NULL DEFAULT CURRENT_TIMESTAMP,
  `member_id` int NOT NULL,
  `question_type` enum('STATION','ALERT','DUST','ETC') NOT NULL DEFAULT 'ETC',
  PRIMARY KEY (`seq`),
  KEY `fk_member_id6_idx` (`member_id`),
  KEY `fk_member_id15_idx` (`member_id`),
  CONSTRAINT `fk_member_id15` FOREIGN KEY (`member_id`) REFERENCES `member` (`member_id`)
) ENGINE=InnoDB AUTO_INCREMENT=133 DEFAULT CHARSET=utf8mb4 COLLATE=utf8mb4_0900_ai_ci;
/*!40101 SET character_set_client = @saved_cs_client */;

--
-- Dumping data for table `question_board`
--

LOCK TABLES `question_board` WRITE;
/*!40000 ALTER TABLE `question_board` DISABLE KEYS */;
INSERT INTO `question_board` VALUES (1,'문의사항있습니다1','문의사항입니다. 어쩌구저쩌구 어쩌구저쩌구 어쩌구저쩌구 어쩌구저쩌구 어쩌구저쩌구 어쩌구저쩌구 어쩌구저쩌구',0,'2024-07-06 06:41:12',2,'DUST'),(2,'문의사항있습니다2','문의사항입니다. 어쩌구저쩌구 어쩌구저쩌구 어쩌구저쩌구 어쩌구저쩌구 어쩌구저쩌구 어쩌구저쩌구 어쩌구저쩌구',0,'2024-07-06 06:41:12',3,'STATION'),(3,'문의사항있습니다3','문의사항입니다. 어쩌구저쩌구 어쩌구저쩌구 어쩌구저쩌구 어쩌구저쩌구 어쩌구저쩌구 어쩌구저쩌구 어쩌구저쩌구',1,'2024-07-06 06:41:12',4,'STATION'),(4,'문의사항있습니다4','문의사항입니다. 어쩌구저쩌구 어쩌구저쩌구 어쩌구저쩌구 어쩌구저쩌구 어쩌구저쩌구 어쩌구저쩌구 어쩌구저쩌구',0,'2024-07-06 06:41:12',5,'STATION'),(6,'문의사항있습니다6','문의사항입니다. 어쩌구저쩌구 어쩌구저쩌구 어쩌구저쩌구 어쩌구저쩌구 어쩌구저쩌구 어쩌구저쩌구 어쩌구저쩌구',0,'2024-07-06 06:41:12',2,'STATION'),(7,'문의사항있습니다7','문의사항입니다. 어쩌구저쩌구 어쩌구저쩌구 어쩌구저쩌구 어쩌구저쩌구 어쩌구저쩌구 어쩌구저쩌구 어쩌구저쩌구',0,'2024-07-06 06:41:12',3,'DUST'),(8,'수정된 게시물 입니다.','수정 완료',0,'2024-07-06 06:41:12',4,'DUST'),(9,'문의사항있습니다9','문의사항입니다. 어쩌구저쩌구 어쩌구저쩌구 어쩌구저쩌구 어쩌구저쩌구 어쩌구저쩌구 어쩌구저쩌구 어쩌구저쩌구',0,'2024-07-06 06:41:12',5,'ALERT'),(11,'문의사항있습니다11','문의사항입니다. 어쩌구저쩌구 어쩌구저쩌구 어쩌구저쩌구 어쩌구저쩌구 어쩌구저쩌구 어쩌구저쩌구 어쩌구저쩌구',0,'2024-07-06 06:41:12',2,'DUST'),(12,'문의사항있습니다12','문의사항입니다. 어쩌구저쩌구 어쩌구저쩌구 어쩌구저쩌구 어쩌구저쩌구 어쩌구저쩌구 어쩌구저쩌구 어쩌구저쩌구',0,'2024-07-06 06:41:12',3,'DUST'),(13,'문의사항있습니다13','문의사항입니다. 어쩌구저쩌구 어쩌구저쩌구 어쩌구저쩌구 어쩌구저쩌구 어쩌구저쩌구 어쩌구저쩌구 어쩌구저쩌구',0,'2024-07-06 06:41:12',4,'ETC'),(14,'문의사항있습니다14','문의사항입니다. 어쩌구저쩌구 어쩌구저쩌구 어쩌구저쩌구 어쩌구저쩌구 어쩌구저쩌구 어쩌구저쩌구 어쩌구저쩌구',0,'2024-07-06 06:41:12',5,'STATION'),(16,'문의사항있습니다16','문의사항입니다. 어쩌구저쩌구 어쩌구저쩌구 어쩌구저쩌구 어쩌구저쩌구 어쩌구저쩌구 어쩌구저쩌구 어쩌구저쩌구',0,'2024-07-06 06:41:12',2,'STATION'),(17,'문의사항있습니다17','문의사항입니다. 어쩌구저쩌구 어쩌구저쩌구 어쩌구저쩌구 어쩌구저쩌구 어쩌구저쩌구 어쩌구저쩌구 어쩌구저쩌구',0,'2024-07-06 06:41:12',3,'DUST'),(19,'문의사항있습니다19','문의사항입니다. 어쩌구저쩌구 어쩌구저쩌구 어쩌구저쩌구 어쩌구저쩌구 어쩌구저쩌구 어쩌구저쩌구 어쩌구저쩌구',0,'2024-07-06 06:41:12',5,'DUST'),(21,'문의사항있습니다21','문의사항입니다. 어쩌구저쩌구 어쩌구저쩌구 어쩌구저쩌구 어쩌구저쩌구 어쩌구저쩌구 어쩌구저쩌구 어쩌구저쩌구',0,'2024-07-06 06:41:12',2,'STATION'),(22,'문의사항있습니다22','문의사항입니다. 어쩌구저쩌구 어쩌구저쩌구 어쩌구저쩌구 어쩌구저쩌구 어쩌구저쩌구 어쩌구저쩌구 어쩌구저쩌구',0,'2024-07-06 06:41:12',3,'ETC'),(23,'문의사항있습니다23','문의사항입니다. 어쩌구저쩌구 어쩌구저쩌구 어쩌구저쩌구 어쩌구저쩌구 어쩌구저쩌구 어쩌구저쩌구 어쩌구저쩌구',0,'2024-07-06 06:41:12',4,'STATION'),(24,'문의사항있습니다24','문의사항입니다. 어쩌구저쩌구 어쩌구저쩌구 어쩌구저쩌구 어쩌구저쩌구 어쩌구저쩌구 어쩌구저쩌구 어쩌구저쩌구',0,'2024-07-06 06:41:12',5,'DUST'),(26,'문의사항있습니다26','문의사항입니다. 어쩌구저쩌구 어쩌구저쩌구 어쩌구저쩌구 어쩌구저쩌구 어쩌구저쩌구 어쩌구저쩌구 어쩌구저쩌구',0,'2024-07-06 06:41:12',2,'STATION'),(27,'문의사항있습니다27','문의사항입니다. 어쩌구저쩌구 어쩌구저쩌구 어쩌구저쩌구 어쩌구저쩌구 어쩌구저쩌구 어쩌구저쩌구 어쩌구저쩌구',0,'2024-07-06 06:41:12',3,'DUST'),(28,'문의사항있습니다28','문의사항입니다. 어쩌구저쩌구 어쩌구저쩌구 어쩌구저쩌구 어쩌구저쩌구 어쩌구저쩌구 어쩌구저쩌구 어쩌구저쩌구',0,'2024-07-06 06:41:12',4,'STATION'),(29,'문의사항있습니다29','문의사항입니다. 어쩌구저쩌구 어쩌구저쩌구 어쩌구저쩌구 어쩌구저쩌구 어쩌구저쩌구 어쩌구저쩌구 어쩌구저쩌구',0,'2024-07-06 06:41:12',5,'ETC'),(31,'문의사항있습니다31','문의사항입니다. 어쩌구저쩌구 어쩌구저쩌구 어쩌구저쩌구 어쩌구저쩌구 어쩌구저쩌구 어쩌구저쩌구 어쩌구저쩌구',0,'2024-07-06 06:41:12',2,'ALERT'),(32,'문의사항있습니다32','문의사항입니다. 어쩌구저쩌구 어쩌구저쩌구 어쩌구저쩌구 어쩌구저쩌구 어쩌구저쩌구 어쩌구저쩌구 어쩌구저쩌구',0,'2024-07-06 06:41:12',3,'ALERT'),(33,'문의사항있습니다33','문의사항입니다. 어쩌구저쩌구 어쩌구저쩌구 어쩌구저쩌구 어쩌구저쩌구 어쩌구저쩌구 어쩌구저쩌구 어쩌구저쩌구',0,'2024-07-06 06:41:12',4,'ALERT'),(34,'문의사항있습니다34','문의사항입니다. 어쩌구저쩌구 어쩌구저쩌구 어쩌구저쩌구 어쩌구저쩌구 어쩌구저쩌구 어쩌구저쩌구 어쩌구저쩌구',0,'2024-07-06 06:41:12',5,'ALERT'),(36,'문의사항있습니다36','문의사항입니다. 어쩌구저쩌구 어쩌구저쩌구 어쩌구저쩌구 어쩌구저쩌구 어쩌구저쩌구 어쩌구저쩌구 어쩌구저쩌구',0,'2024-07-06 06:41:12',2,'DUST'),(37,'문의사항있습니다37','문의사항입니다. 어쩌구저쩌구 어쩌구저쩌구 어쩌구저쩌구 어쩌구저쩌구 어쩌구저쩌구 어쩌구저쩌구 어쩌구저쩌구',0,'2024-07-06 06:41:12',3,'ETC'),(38,'문의사항있습니다38','문의사항입니다. 어쩌구저쩌구 어쩌구저쩌구 어쩌구저쩌구 어쩌구저쩌구 어쩌구저쩌구 어쩌구저쩌구 어쩌구저쩌구',0,'2024-07-06 06:41:12',4,'ALERT'),(39,'문의사항있습니다39','문의사항입니다. 어쩌구저쩌구 어쩌구저쩌구 어쩌구저쩌구 어쩌구저쩌구 어쩌구저쩌구 어쩌구저쩌구 어쩌구저쩌구',0,'2024-07-06 06:41:12',5,'DUST'),(41,'문의사항있습니다41','문의사항입니다. 어쩌구저쩌구 어쩌구저쩌구 어쩌구저쩌구 어쩌구저쩌구 어쩌구저쩌구 어쩌구저쩌구 어쩌구저쩌구',0,'2024-07-06 06:41:12',2,'DUST'),(42,'문의사항있습니다42','문의사항입니다. 어쩌구저쩌구 어쩌구저쩌구 어쩌구저쩌구 어쩌구저쩌구 어쩌구저쩌구 어쩌구저쩌구 어쩌구저쩌구',0,'2024-07-06 06:41:12',3,'DUST'),(43,'문의사항있습니다43','문의사항입니다. 어쩌구저쩌구 어쩌구저쩌구 어쩌구저쩌구 어쩌구저쩌구 어쩌구저쩌구 어쩌구저쩌구 어쩌구저쩌구',0,'2024-07-06 06:41:12',4,'DUST'),(44,'문의사항있습니다44','문의사항입니다. 어쩌구저쩌구 어쩌구저쩌구 어쩌구저쩌구 어쩌구저쩌구 어쩌구저쩌구 어쩌구저쩌구 어쩌구저쩌구',0,'2024-07-06 06:41:12',5,'STATION'),(46,'문의사항있습니다46','문의사항입니다. 어쩌구저쩌구 어쩌구저쩌구 어쩌구저쩌구 어쩌구저쩌구 어쩌구저쩌구 어쩌구저쩌구 어쩌구저쩌구',0,'2024-07-06 06:41:12',2,'STATION'),(47,'문의사항있습니다47','문의사항입니다. 어쩌구저쩌구 어쩌구저쩌구 어쩌구저쩌구 어쩌구저쩌구 어쩌구저쩌구 어쩌구저쩌구 어쩌구저쩌구',0,'2024-07-06 06:41:12',3,'STATION'),(48,'문의사항있습니다48','문의사항입니다. 어쩌구저쩌구 어쩌구저쩌구 어쩌구저쩌구 어쩌구저쩌구 어쩌구저쩌구 어쩌구저쩌구 어쩌구저쩌구',0,'2024-07-06 06:41:12',4,'DUST'),(49,'문의사항있습니다49','문의사항입니다. 어쩌구저쩌구 어쩌구저쩌구 어쩌구저쩌구 어쩌구저쩌구 어쩌구저쩌구 어쩌구저쩌구 어쩌구저쩌구',0,'2024-07-06 06:41:12',5,'STATION'),(51,'문의사항있습니다51','문의사항입니다. 어쩌구저쩌구 어쩌구저쩌구 어쩌구저쩌구 어쩌구저쩌구 어쩌구저쩌구 어쩌구저쩌구 어쩌구저쩌구',0,'2024-07-06 06:41:12',2,'STATION'),(52,'문의사항있습니다52','문의사항입니다. 어쩌구저쩌구 어쩌구저쩌구 어쩌구저쩌구 어쩌구저쩌구 어쩌구저쩌구 어쩌구저쩌구 어쩌구저쩌구',0,'2024-07-06 06:41:12',3,'ETC'),(53,'문의사항있습니다53','문의사항입니다. 어쩌구저쩌구 어쩌구저쩌구 어쩌구저쩌구 어쩌구저쩌구 어쩌구저쩌구 어쩌구저쩌구 어쩌구저쩌구',0,'2024-07-06 06:41:12',4,'STATION'),(54,'문의사항있습니다54','문의사항입니다. 어쩌구저쩌구 어쩌구저쩌구 어쩌구저쩌구 어쩌구저쩌구 어쩌구저쩌구 어쩌구저쩌구 어쩌구저쩌구',0,'2024-07-06 06:41:12',5,'STATION'),(56,'문의사항있습니다56','문의사항입니다. 어쩌구저쩌구 어쩌구저쩌구 어쩌구저쩌구 어쩌구저쩌구 어쩌구저쩌구 어쩌구저쩌구 어쩌구저쩌구',0,'2024-07-06 06:41:12',2,'DUST'),(57,'문의사항있습니다57','문의사항입니다. 어쩌구저쩌구 어쩌구저쩌구 어쩌구저쩌구 어쩌구저쩌구 어쩌구저쩌구 어쩌구저쩌구 어쩌구저쩌구',0,'2024-07-06 06:41:12',3,'ALERT'),(58,'문의사항있습니다58','문의사항입니다. 어쩌구저쩌구 어쩌구저쩌구 어쩌구저쩌구 어쩌구저쩌구 어쩌구저쩌구 어쩌구저쩌구 어쩌구저쩌구',0,'2024-07-06 06:41:12',4,'ETC'),(59,'문의사항있습니다59','문의사항입니다. 어쩌구저쩌구 어쩌구저쩌구 어쩌구저쩌구 어쩌구저쩌구 어쩌구저쩌구 어쩌구저쩌구 어쩌구저쩌구',0,'2024-07-06 06:41:12',5,'ETC'),(61,'문의사항있습니다61','문의사항입니다. 어쩌구저쩌구 어쩌구저쩌구 어쩌구저쩌구 어쩌구저쩌구 어쩌구저쩌구 어쩌구저쩌구 어쩌구저쩌구',0,'2024-07-06 06:41:12',2,'DUST'),(62,'문의사항있습니다62','문의사항입니다. 어쩌구저쩌구 어쩌구저쩌구 어쩌구저쩌구 어쩌구저쩌구 어쩌구저쩌구 어쩌구저쩌구 어쩌구저쩌구',0,'2024-07-06 06:41:12',3,'DUST'),(63,'문의사항있습니다63','문의사항입니다. 어쩌구저쩌구 어쩌구저쩌구 어쩌구저쩌구 어쩌구저쩌구 어쩌구저쩌구 어쩌구저쩌구 어쩌구저쩌구',0,'2024-07-06 06:41:12',4,'ALERT'),(64,'문의사항있습니다64','문의사항입니다. 어쩌구저쩌구 어쩌구저쩌구 어쩌구저쩌구 어쩌구저쩌구 어쩌구저쩌구 어쩌구저쩌구 어쩌구저쩌구',0,'2024-07-06 06:41:12',5,'STATION'),(66,'문의사항있습니다66','문의사항입니다. 어쩌구저쩌구 어쩌구저쩌구 어쩌구저쩌구 어쩌구저쩌구 어쩌구저쩌구 어쩌구저쩌구 어쩌구저쩌구',0,'2024-07-06 06:41:12',2,'ETC'),(67,'문의사항있습니다67','문의사항입니다. 어쩌구저쩌구 어쩌구저쩌구 어쩌구저쩌구 어쩌구저쩌구 어쩌구저쩌구 어쩌구저쩌구 어쩌구저쩌구',0,'2024-07-06 06:41:12',3,'STATION'),(68,'문의사항있습니다68','문의사항입니다. 어쩌구저쩌구 어쩌구저쩌구 어쩌구저쩌구 어쩌구저쩌구 어쩌구저쩌구 어쩌구저쩌구 어쩌구저쩌구',0,'2024-07-06 06:41:12',4,'DUST'),(69,'문의사항있습니다69','문의사항입니다. 어쩌구저쩌구 어쩌구저쩌구 어쩌구저쩌구 어쩌구저쩌구 어쩌구저쩌구 어쩌구저쩌구 어쩌구저쩌구',0,'2024-07-06 06:41:12',5,'ETC'),(71,'문의사항있습니다71','문의사항입니다. 어쩌구저쩌구 어쩌구저쩌구 어쩌구저쩌구 어쩌구저쩌구 어쩌구저쩌구 어쩌구저쩌구 어쩌구저쩌구',0,'2024-07-06 06:41:12',2,'DUST'),(72,'문의사항있습니다72','문의사항입니다. 어쩌구저쩌구 어쩌구저쩌구 어쩌구저쩌구 어쩌구저쩌구 어쩌구저쩌구 어쩌구저쩌구 어쩌구저쩌구',0,'2024-07-06 06:41:12',3,'DUST'),(73,'문의사항있습니다73','문의사항입니다. 어쩌구저쩌구 어쩌구저쩌구 어쩌구저쩌구 어쩌구저쩌구 어쩌구저쩌구 어쩌구저쩌구 어쩌구저쩌구',0,'2024-07-06 06:41:12',4,'ETC'),(74,'문의사항있습니다74','문의사항입니다. 어쩌구저쩌구 어쩌구저쩌구 어쩌구저쩌구 어쩌구저쩌구 어쩌구저쩌구 어쩌구저쩌구 어쩌구저쩌구',0,'2024-07-06 06:41:12',5,'ETC'),(76,'문의사항있습니다76','문의사항입니다. 어쩌구저쩌구 어쩌구저쩌구 어쩌구저쩌구 어쩌구저쩌구 어쩌구저쩌구 어쩌구저쩌구 어쩌구저쩌구',0,'2024-07-06 06:41:12',2,'ALERT'),(77,'문의사항있습니다77','문의사항입니다. 어쩌구저쩌구 어쩌구저쩌구 어쩌구저쩌구 어쩌구저쩌구 어쩌구저쩌구 어쩌구저쩌구 어쩌구저쩌구',0,'2024-07-06 06:41:12',3,'DUST'),(78,'문의사항있습니다78','문의사항입니다. 어쩌구저쩌구 어쩌구저쩌구 어쩌구저쩌구 어쩌구저쩌구 어쩌구저쩌구 어쩌구저쩌구 어쩌구저쩌구',0,'2024-07-06 06:41:12',4,'ETC'),(79,'문의사항있습니다79','문의사항입니다. 어쩌구저쩌구 어쩌구저쩌구 어쩌구저쩌구 어쩌구저쩌구 어쩌구저쩌구 어쩌구저쩌구 어쩌구저쩌구',0,'2024-07-06 06:41:12',5,'ETC'),(81,'문의사항있습니다81','문의사항입니다. 어쩌구저쩌구 어쩌구저쩌구 어쩌구저쩌구 어쩌구저쩌구 어쩌구저쩌구 어쩌구저쩌구 어쩌구저쩌구',0,'2024-07-06 06:41:12',2,'ALERT'),(82,'문의사항있습니다82','문의사항입니다. 어쩌구저쩌구 어쩌구저쩌구 어쩌구저쩌구 어쩌구저쩌구 어쩌구저쩌구 어쩌구저쩌구 어쩌구저쩌구',0,'2024-07-06 06:41:12',3,'STATION'),(83,'문의사항있습니다83','문의사항입니다. 어쩌구저쩌구 어쩌구저쩌구 어쩌구저쩌구 어쩌구저쩌구 어쩌구저쩌구 어쩌구저쩌구 어쩌구저쩌구',0,'2024-07-06 06:41:12',4,'STATION'),(84,'문의사항있습니다84','문의사항입니다. 어쩌구저쩌구 어쩌구저쩌구 어쩌구저쩌구 어쩌구저쩌구 어쩌구저쩌구 어쩌구저쩌구 어쩌구저쩌구',0,'2024-07-06 06:41:12',5,'ALERT'),(86,'문의사항있습니다86','문의사항입니다. 어쩌구저쩌구 어쩌구저쩌구 어쩌구저쩌구 어쩌구저쩌구 어쩌구저쩌구 어쩌구저쩌구 어쩌구저쩌구',0,'2024-07-06 06:41:12',2,'DUST'),(87,'문의사항있습니다87','문의사항입니다. 어쩌구저쩌구 어쩌구저쩌구 어쩌구저쩌구 어쩌구저쩌구 어쩌구저쩌구 어쩌구저쩌구 어쩌구저쩌구',0,'2024-07-06 06:41:12',3,'STATION'),(89,'문의사항있습니다89','문의사항입니다. 어쩌구저쩌구 어쩌구저쩌구 어쩌구저쩌구 어쩌구저쩌구 어쩌구저쩌구 어쩌구저쩌구 어쩌구저쩌구',0,'2024-07-06 06:41:12',5,'DUST'),(91,'문의사항있습니다91','문의사항입니다. 어쩌구저쩌구 어쩌구저쩌구 어쩌구저쩌구 어쩌구저쩌구 어쩌구저쩌구 어쩌구저쩌구 어쩌구저쩌구',0,'2024-07-06 06:41:12',2,'ALERT'),(92,'문의사항있습니다92','문의사항입니다. 어쩌구저쩌구 어쩌구저쩌구 어쩌구저쩌구 어쩌구저쩌구 어쩌구저쩌구 어쩌구저쩌구 어쩌구저쩌구',0,'2024-07-06 06:41:12',3,'ALERT'),(93,'문의사항있습니다93','문의사항입니다. 어쩌구저쩌구 어쩌구저쩌구 어쩌구저쩌구 어쩌구저쩌구 어쩌구저쩌구 어쩌구저쩌구 어쩌구저쩌구',0,'2024-07-06 06:41:12',4,'ETC'),(94,'문의사항있습니다94','문의사항입니다. 어쩌구저쩌구 어쩌구저쩌구 어쩌구저쩌구 어쩌구저쩌구 어쩌구저쩌구 어쩌구저쩌구 어쩌구저쩌구',0,'2024-07-06 06:41:12',5,'DUST'),(96,'문의사항있습니다96','문의사항입니다. 어쩌구저쩌구 어쩌구저쩌구 어쩌구저쩌구 어쩌구저쩌구 어쩌구저쩌구 어쩌구저쩌구 어쩌구저쩌구',0,'2024-07-06 06:41:12',2,'ALERT'),(97,'문의사항있습니다97','문의사항입니다. 어쩌구저쩌구 어쩌구저쩌구 어쩌구저쩌구 어쩌구저쩌구 어쩌구저쩌구 어쩌구저쩌구 어쩌구저쩌구',0,'2024-07-06 06:41:12',3,'ETC'),(98,'문의사항있습니다98','문의사항입니다. 어쩌구저쩌구 어쩌구저쩌구 어쩌구저쩌구 어쩌구저쩌구 어쩌구저쩌구 어쩌구저쩌구 어쩌구저쩌구',0,'2024-07-06 06:41:12',4,'ETC'),(99,'문의사항있습니다99','문의사항입니다. 어쩌구저쩌구 어쩌구저쩌구 어쩌구저쩌구 어쩌구저쩌구 어쩌구저쩌구 어쩌구저쩌구 어쩌구저쩌구',1,'2024-07-06 06:41:12',5,'DUST'),(128,'이상탐지 예측 알림은 어떤 기준으로 알림이 오게 되나요?','Alert 페이지에서 알림이 오는 기준이 궁금합니다',0,'2024-07-18 00:57:27',9,'ALERT'),(131,'미세먼지와 초미세먼지의 차이점이 궁금합니다','제곧내',0,'2024-07-24 02:05:39',13,'DUST');
/*!40000 ALTER TABLE `question_board` ENABLE KEYS */;
UNLOCK TABLES;

--
-- Table structure for table `region`
--

DROP TABLE IF EXISTS `region`;
/*!40101 SET @saved_cs_client     = @@character_set_client */;
/*!50503 SET character_set_client = utf8mb4 */;
CREATE TABLE `region` (
  `region_id` int NOT NULL AUTO_INCREMENT,
  `station_name` varchar(100) NOT NULL,
  `large` varchar(100) NOT NULL,
  `middle` varchar(100) NOT NULL,
  `small` varchar(100) NOT NULL,
  `info` varchar(100) NOT NULL,
  `dmX` varchar(100) NOT NULL,
  `dmY` varchar(100) NOT NULL,
  `emd_cd` varchar(100) NOT NULL,
  PRIMARY KEY (`region_id`)
) ENGINE=InnoDB AUTO_INCREMENT=49 DEFAULT CHARSET=utf8mb4 COLLATE=utf8mb4_0900_ai_ci;
/*!40101 SET character_set_client = @saved_cs_client */;

--
-- Dumping data for table `region`
--

LOCK TABLES `region` WRITE;
/*!40000 ALTER TABLE `region` DISABLE KEYS */;
INSERT INTO `region` VALUES (1,'삼진로','창원시','마산합포구','진동면 삼진의거대로 621','경남 창원시 마산합포구 진동면 삼진의거대로 621 진동시외버스정류장 앞','35.11497','128.48581','48125320'),(2,'경화동','창원시','진해구','경화로16번길 31','경남 창원시 진해구 경화로16번길 31 (병암동주민센터)','35.154972','128.689578','48129139'),(3,'월영동','창원시','마산합포구','월영동16길 22','경남 창원시 마산합포구 월영동16길 22 마산합포구도서관 옥상 (해운동)','35.183108','128.560665','48125134'),(4,'하동읍','하동군','하동읍','군청로 23','경남 하동군 하동읍 군청로 23 (하동군청)','35.066944','127.751389','48850250'),(5,'금성면','하동군','금성면','금성중앙길 14','경남 하동군 금성면 금성중앙길 14 금성꿈나무어린이집 옥상','34.965927','127.794191','48850420'),(6,'동상동','김해시','호계로','517번길 8','경남 김해시 호계로 517번길 8 (동상동 주민센터)','35.236667','128.883333','48250101'),(7,'삼방동','김해시','활천로','303','경남 김해시 활천로 303 (신어초등학교)','35.243889','128.912222','48250119'),(8,'장유동','김해시','능동로','149','경남 김해시 장유동 능동로 149 (장유건강지원센터)','35.202364','128.807221','48250132'),(9,'진영읍','김해시','진영읍','김해대로365번길 6-24','경남 김해시 진영읍 김해대로365번길 6-24 진영건강증진센터 옥상','35.3077015','128.7311228','48250250'),(10,'김해대로','김해시','김해대로','2515','경남 김해시 김해대로 2515 인제대역 환승주차장 (삼정동)','35.227745','128.901042','48250117'),(11,'진례면','김해시','진례면','진례로 241','경남 김해시 진례면 진례로 241 진레면사무소 옥상','35.245937','128.750295','48250330'),(12,'저구리','거제시','남부면','저구리 산 116번지','경남 거제시 남부면 저구리 산 116번지','34.71005','128.58745','48310330'),(13,'아주동','거제시','아주동','산164-1','경남 거제시 아주동 산164-1 거제시 옥포 유해대기측정소','34.863611','128.690278','48310105'),(14,'고현동','거제시','계룡로','125','경남 거제시 계룡로 125 거제시청 옥상 (고현동)','34.88053905','128.6211295','48310109'),(15,'사천읍','사천시','사천읍','읍내로 52','경남 사천시 사천읍 읍내로 52 (사천읍사무소)','35.082551','128.091236','48240250'),(16,'향촌동','사천시','향촌5길','28','경남 사천시 향촌5길 28 향촌동행정복지센터 옥상 (향촌동)','34.93370386','128.0934468','48240116'),(17,'대산면','창원시','의창구','대산면 갈전로99번길 100 ','경남 창원시 의창구 대산면 갈전로99번길 100 ','35.371633','128.676483','48121320'),(18,'북부동','양산시','북안남5길','21','경남 양산시 북안남5길 21 중앙동주민센터 (북부동)','35.345556','129.04','48330104'),(19,'삼호동','양산시','삼호9길','11','경남 양산시 삼호9길 11 웅상노인복지회관 (삼호동)','35.414667','129.172083','48330114'),(20,'물금읍','양산시','물금읍','황산로 384','경남 양산시 물금읍 황산로 384 물금읍행정복지센터 옥상','35.310414','128.987347','48330253'),(21,'내일동','밀양시','중앙로','346','경남 밀양시 중앙로 346 내일동주민센터 (내일동)','35.493678','128.754168','48270101'),(22,'무전동','통영시','안개4길','53','경남 통영시 안개4길 53 무전동주민센터 (무전동)','34.857173','128.432385','48220111'),(23,'고성읍','고성군','고성읍','중앙로 35','경남 고성군 고성읍 중앙로 35 고성읍보건지소 2층 옥상','34.97454361','128.3243698','48820250'),(24,'거창읍','거창군','거창읍','거함대로 3252','경남 거창군 거창읍 거함대로 3252 자전거교통안전교육장 옥상','35.6782','127.920092','48880250'),(25,'가야읍','함안군','가야읍','함안대로 505','경남 함안군 가야읍 함안대로 505 가야읍행정복지센터 옥상','35.2720132','128.408105','48730250'),(26,'함양읍','함양군','함양읍','고운로 35','경남 함양군 함양읍 고운로 35 함양군청 민원봉사과 옥상','35.5211721','127.7244433','48870250'),(27,'남해읍','남해군','남해읍','남해대로 2745','경남 남해군 남해읍 남해대로 2745 남해유배문학관 옥상','34.8318834','127.899848','48840250'),(28,'산청읍','산청군','산청읍','산엔청로 1','경남 산청군 산청읍 산엔청로 1 산청군청 주차장 지상','35.412344','127.87597','48860250'),(29,'남상면','거창군','남상면','인평길 36','경남 거창군 남상면 인평길 36 남상면사무소','35.643167','127.9105','48880370'),(30,'의령읍','의령군','의령읍','의병로8길 44','경남 의령군 의령읍 의병로8길 44 서동생활공원 지상','35.315748','128.253757','48720250'),(31,'창녕읍','창녕군','창녕읍','우포2로 1189-35','경남 창녕군 창녕읍 우포2로 1189-35 정신건강복지센터 옥상','35.5452909','128.4883674','48740250'),(32,'합천읍','합천군','합천읍','대야로 888-20','경남 합천군 합천읍 대야로 888-20 보훈회관 옥상','35.56723','128.16517','48890250'),(33,'마산항','창원시','성산구','적현로 424','경남 창원시 성산구 적현로 424 (귀곡동)','35.191823','128.591172','48170130'),(35,'삼천포항','사천시','향촌동','1292','경남 사천시 향촌동 1292 삼천포항 내','34.91826562','128.0843094','48240116'),(36,'회원동','창원시','마산회원구','회원동 11번길 7','경남 창원시 마산회원구 회원동 11번길 7 (회원1동 주민센터)','35.21815','128.57425','48127108'),(37,'봉암동','창원시','마산회원구','봉양로 148','경남 창원시 마산회원구 봉양로 148 봉암동 주민센터 (봉암동)','35.2178','128.6023','48127103'),(38,'내서읍','창원시','마산회원구','내서읍 광려로 8','경남 창원시 마산회원구 내서읍 광려로 8 삼계근린공원 지상','35.22583036','128.5032583','48127250'),(39,'상봉동','진주시','북장대로64번길','14','경남 진주시 북장대로64번길 14 중앙119안전센터 옥상','35.195891','128.074596','48170114'),(40,'대안동','진주시','진주대로','1052','경남 진주시 진주대로 1052 (중소기업은행)','35.193333','128.084167','48170109'),(41,'상대동(진주)','진주시','동진로','279','경남 진주시 동진로 279 (한국전력공사 진주지점)','35.180609','128.121781','48170119'),(42,'정촌면','진주시','정촌면','예하리 1340','경남 진주시 정촌면 예하리 1340 예하초등학교 앞 공원 지상','35.12460167','128.0999225','48170320'),(43,'명서동','창원시','의창구','우곡로101번길 28','경남 창원시 의창구 우곡로101번길 28 명서2동 민원센터 (명서동)','35.243402','128.641756','48121124'),(44,'웅남동','창원시','성산구','공단로 303','경남 창원시 성산구 공단로 303 (효성굿스프링스)','35.217333','128.656617','48123129'),(45,'성주동','창원시','성산구','외리로14번길 18','경남 창원시 성산구 외리로14번길 18 성주민원센터','35.1993934','128.7108707','48123128'),(46,'용지동','창원시','성산구','용지로 239번길 19-4','경남 창원시 성산구 용지로 239번길 19-4 (용지동 주민센터)','35.236111','128.683889','48123134'),(47,'반송로','창원시','성산구','원이대로 450','경남 창원시 의창구 원이대로 450 (시설관리공단 실내수영장 앞)','35.2341412','128.6646236','48123125'),(48,'사파동','창원시','성산구','창이대로 706번길 16-23','경남 창원시 성산구 창이대로 706번길 16-23 (사파민원센터)','35.221729','128.69825','48123130');
/*!40000 ALTER TABLE `region` ENABLE KEYS */;
UNLOCK TABLES;

--
-- Dumping events for database 'water2water'
--

--
-- Dumping routines for database 'water2water'
--
/*!40103 SET TIME_ZONE=@OLD_TIME_ZONE */;

/*!40101 SET SQL_MODE=@OLD_SQL_MODE */;
/*!40014 SET FOREIGN_KEY_CHECKS=@OLD_FOREIGN_KEY_CHECKS */;
/*!40014 SET UNIQUE_CHECKS=@OLD_UNIQUE_CHECKS */;
/*!40101 SET CHARACTER_SET_CLIENT=@OLD_CHARACTER_SET_CLIENT */;
/*!40101 SET CHARACTER_SET_RESULTS=@OLD_CHARACTER_SET_RESULTS */;
/*!40101 SET COLLATION_CONNECTION=@OLD_COLLATION_CONNECTION */;
/*!40111 SET SQL_NOTES=@OLD_SQL_NOTES */;

-- Dump completed on 2024-07-24 18:28:00
